Boat Name,Boat Type,Sail #,Rating,DW Rating,I,J,P,E,Max Hdsail,Rig Type,ISP,JSP,LOA,LWL,Beam,Draft,Displacement,Ballast,SLE,SLU,ASMG,ASF,DLR,SAD
Artemis,Custom Botin 65,61305,-135.0,405.0,93.67,36.61,85.27,29.26,105.0,MS,93.63,36.6,65.59,63.2,17.31,15.75,35884.0,15115.0,,,,,63.460223137230805,43.47175875938413
Westerly,Santa Cruz 70,18997,-90.0,435.0,72.08,21.26,64.57,24.89,153.0,MS,73.03,25.58,68.0,62.0,15.08,10.3,23240.0,9600.0,70.13,79.4,40.65,38.74,43.53244268403209,30.780981238549206
Catapult,Santa Cruz 70,87654,-84.0,433.0,73.34,22.19,66.11,25.0,155.0,MS,73.74,25.26,68.0,59.7,15.1,10.0,23847.0,9000.0,67.9,76.8,38.9,39.1,50.03371379772464,31.6110827705549
Buona Sera,Santa Cruz 70,41104,-84.0,439.0,73.15,22.52,65.49,25.39,155.0,MS,73.63,,68.9,60.4,15.1,10.62,24618.0,8390.0,,,,,49.876266080630096,31.22995679468577
Move,Pogo 40,138,-18.0,451.0,53.9,19.0,54.8,16.4,110.0,MS,61.2,23.8,40.0,40.0,14.8,9.8,9920.0,3748.0,61.4,63.6,63.7,39.1,69.19642857142856,33.26269184583506
Glass Slipper,Class 40,61642,-15.0,466.0,57.65,17.29,57.41,19.8,105.0,FS,63.3,26.6,40.2,39.9,14.8,9.84,11400.0,4890.0,64.47,73.72,41.96,42.75,80.11948443047676,33.637709085703
Arsenal,J 125,52125,-12.0,485.0,49.0,14.8,46.5,18.0,155.0,FS,52.0,23.4,41.0,37.0,10.6,7.9,8350.0,4646.0,53.44,60.04,37.07,39.27,73.59245397959789,30.31543478663531
Bodacious +,1D 48,48005,-12.0,505.0,57.7,16.7,61.3,22.5,125.0,FS,68.3,16.7,48.3,40.2,14.2,10.1,19743.0,8818.0,,67.7,,,135.67098182933572,25.609087804556694
Rufless,J 125,2125,-12.0,492.0,49.16,14.8,46.68,17.95,145.0,FS,52.26,22.85,41.0,37.0,10.6,7.9,8350.0,4646.0,52.5,59.6,36.6,38.6,73.59245397959789,30.37896873458784
Velvet Hammer,J 125,40844,-12.0,488.0,48.86,14.8,46.5,18.0,155.0,FS,52.03,22.13,41.0,37.0,10.5,7.9,9771.0,4646.0,51.18,60.7,36.79,37.73,86.11639135744323,27.262329119511136
Hana Ho,Santa Cruz 50,77007,-9.0,488.0,61.39,18.85,54.92,18.5,155.0,MS,61.5,20.73,52.0,46.0,12.0,7.75,18000.0,8000.0,,65.5,,,82.55644659441816,25.26558038344967
City Lights,Custom Santa Cruz 52 SD,28552,-6.0,496.0,64.55,18.9,57.5,21.0,155.0,MS,18.9,,53.0,46.5,14.0,7.0,24577.0,,,,,,109.12443106729971,22.928077186371233
Laissez Les BonTempsRouler,Santa Cruz 52 SD,38109,-6.0,495.0,64.13,18.9,57.5,21.0,155.0,MS,64.5,18.9,52.98,48.0,14.0,7.0,23452.0,9000.0,,69.48,,,94.66907965443123,23.578594903345806
OAXACA,Santa Cruz 50,8927,-6.0,491.0,61.48,18.88,54.75,16.98,155.0,FS,61.22,20.65,50.23,46.67,12.0,7.91,17374.0,8000.0,,,,,76.30243475349357,24.88328567093532
Destin,Landmark 43,12343,9.0,536.0,55.94,15.53,56.95,20.14,107.0,FS,63.04,22.83,42.88,36.94,12.64,9.03,18192.0,9212.0,60.37,71.52,36.09,40.68,161.1171443057437,23.269242844639987
Surf Rider,Farr 40 ODR  FR,50092,9.0,515.0,53.15,15.45,54.8,19.36,100.0,FS,53.15,15.45,40.7,35.3,13.2,8.53,10902.0,4960.0,,,,,110.64557325033468,30.57152356392717
Saoirse,Tripp 41,51597,12.0,537.0,55.5,15.9,56.6,19.25,100.0,FS,58.25,20.9,41.0,37.1,12.5,8.7,15270.0,5300.0,57.776,64.534,30.676,36.385,133.49631874118333,25.584581646164118
Hypatia,Solaris 47,70777,15.0,542.0,64.31,17.96,62.5,21.33,88.0,FS,68.0,20.0,47.8,43.9,14.1,8.2,29321.0,9000.0,58.25,66.5,24.75,33.0,154.71670186857443,20.890908339718795
Kahoots,Andrews 43,87477,18.0,552.0,56.98,16.5,50.09,17.78,154.0,MS,57.0,18.7,43.48,36.7,12.87,8.86,15251.0,6581.0,55.5,60.4,29.0,29.13,137.73747269711112,23.772009847731823
Zamazaan,Custom Farr 52,3883,21.0,516.0,61.99,18.51,65.2,23.62,135.0,MS,71.07,21.9,52.19,47.26,15.45,8.79,25391.0,9679.0,,73.16,,,107.38673426356874,24.837761236409236
Acey Deucy,J 44,97659,21.0,562.0,60.606,17.08,53.51,19.41,155.0,MS,60.416,,44.83,38.58,13.67,8.14,22770.0,9000.0,55.9,63.8,27.8,27.0,177.02244806182176,20.610735943981293
Bacchanal,J 133 CM,52585,24.0,542.0,57.0,17.25,54.0,18.5,105.0,FS,60.4,24.0,43.0,37.86,12.75,7.5,20727.0,6350.0,59.48,69.95,42.49,41.73,170.50872235605047,20.975902858448887
Nuckelavee,Melges 32 ODR,208,27.0,494.0,40.86,10.7,44.05,15.49,105.0,FS,48.3,18.7,31.76,28.5,9.83,7.0,3988.0,1600.0,46.9,55.75,31.3,31.8,76.90818304610404,35.56531172049222
Wildcard,Santa Cruz 37,37005,27.0,521.0,47.1,13.4,47.0,17.0,107.0,FS,52.17,19.0,37.0,34.75,10.64,7.5,8662.0,3730.0,50.85,59.7,33.3,33.3,92.15220561282682,27.081909037576423
Kuai,Melges 32 MOD,211,27.0,497.0,40.86,10.7,44.05,15.49,105.0,FS,48.3,18.7,31.84,28.5,9.83,7.0,4200.0,1600.0,46.9,55.75,31.31,31.82,80.99658194424198,34.35761648907235
Wingman 5,Swan 48 FRERS MH,51584,27.0,568.0,65.45,18.2,57.9,19.02,97.0,MS,64.96,19.78,48.7,41.0,14.2,7.9,36246.0,12125.0,57.25,66.6,33.6,32.484,234.77967528039355,16.709561874531957
Such Fast,1D 35,35020,30.0,531.0,42.49,12.52,44.46,18.58,108.0,FS,44.78,14.76,35.0,31.5,10.9,7.58,6580.0,2660.0,43.64,48.56,28.55,28.54,93.98233132171151,30.892172379281025
Dark & Stormy,1D 35,35018,30.0,530.0,42.0,12.47,44.0,19.0,110.0,FS,44.8,17.39,35.0,31.5,10.9,7.58,6550.0,2660.0,46.62,51.8,29.83,31.4,93.55384044942407,31.025227405939408
Leading Lady,1D 35,35043,33.0,539.0,42.49,12.52,44.46,18.58,110.0,FS,44.78,16.02,35.0,31.5,10.75,7.6,6755.0,2600.0,42.6,50.3,29.16,26.27,96.4818614100549,30.356032554398524
Courage,J 124,4,33.0,551.0,49.0,14.0,48.4,17.0,105.0,FS,54.7,15.6,40.7,36.2,11.33,7.0,12600.0,5000.0,52.86,55.9,27.46,31.16,118.5760052589143,22.252385179143197
Skeleton Key,J 111,115,36.0,537.0,48.37,13.85,45.17,14.5,105.0,FS,51.4,20.08,36.5,32.7,10.8,7.2,9300.0,3500.0,48.88,59.05,31.86,31.86,118.73853116018347,23.92729359466635
Gentoo,Soto 30,1,36.0,518.0,38.25,12.25,38.67,13.58,102.0,MS,38.67,19.83,30.0,28.75,9.58,6.5,3800.0,1415.0,40.0,49.83,25.75,26.25,71.38747666404444,32.601092844885756
Swift Ness,J 111,101,36.0,547.0,48.37,13.85,45.17,14.5,105.0,FS,51.4,20.08,36.5,32.7,10.8,7.2,9300.0,3500.0,46.88,59.05,31.8,31.8,118.73853116018347,23.92729359466635
Free,Swan 461,46117,42.0,569.0,64.96,16.76,59.05,19.35,105.0,MS,66.6,20.07,46.09,40.29,14.01,7.55,39000.0,12400.0,64.63,74.47,36.09,33.04,266.21025812312394,15.488846895308159
Shake & Bake,Farr X2,38135,45.0,565.0,38.88,14.11,40.03,13.45,105.0,FS,43.96,18.37,30.18,28.61,10.33,6.89,5401.0,1973.0,43.41,50.98,28.18,27.89,102.96096054242881,28.207294619829288
Chance,J 120 ALUM,28484,45.0,550.0,50.5,14.5,46.3,17.8,155.0,FS,52.0,21.5,40.0,35.0,12.0,7.0,13900.0,6000.0,50.6,64.1,37.65,34.1,144.73136193252816,21.499066693676653
Twist,J 120 ALUM,28442,45.0,557.0,50.5,14.5,46.5,17.8,150.0,FS,52.0,21.5,40.0,35.0,12.0,7.0,13900.0,6000.0,50.6,64.0,37.65,34.1,144.73136193252816,21.548242464164446
Festina Lente,Hanse 505,17,45.0,533.0,64.14,19.19,60.2,20.18,86.0,FS,64.3,21.69,50.2,44.42,15.58,7.87,30864.0,8818.0,61.82,68.85,33.29,36.76,157.20578708917185,19.843922235666078
Mr Magoo,J 120 ALUM,28289,45.0,556.0,50.5,14.5,46.3,17.8,150.0,FS,52.0,21.5,40.0,35.0,12.0,7.0,13900.0,6000.0,50.6,64.1,37.65,34.1,144.73136193252816,21.499066693676653
Peregrine,J 120 Carbon,25487,45.0,557.0,50.5,14.5,46.5,17.8,150.0,FS,52.0,,40.0,35.0,12.0,7.0,13900.0,6000.0,52.5,64.0,36.96,35.1,144.73136193252816,21.548242464164446
Jamani,J 120 ALUM,52879,45.0,543.0,50.5,14.5,46.5,17.8,155.0,FS,52.0,21.5,40.0,35.0,12.0,7.0,13900.0,6000.0,50.0,64.0,37.0,34.0,144.73136193252816,21.548242464164446
Osprey,Santa Cruz 40,77974,48.0,546.0,52.5,16.05,45.51,14.25,110.0,SL,52.46,,40.08,34.3,12.269,8.33,10675.0,2979.0,,,,,118.09663012280416,24.563475593717584
Kira,Aerodyne 38 SD,38104,48.0,534.0,50.82,14.5,51.75,16.5,105.0,FS,57.25,20.83,37.66,34.21,13.0,6.0,11850.0,4150.0,58.5,65.5,40.0,39.5,132.13294339816238,24.44150443981397
Lucky Duck,J 90 Mod,38904,48.0,530.0,35.4,10.5,35.8,14.5,155.0,FR,40.0,18.0,30.0,27.0,8.5,6.5,3400.0,1865.0,39.7,49.8,28.1,28.8,77.11513198481647,31.475730465190797
Jubilant,J 112e GP,22,51.0,582.0,49.02,14.01,45.6,15.35,105.0,FS,52.36,20.11,36.0,31.73,11.81,7.28,11814.0,4195.0,50.52,59.38,30.68,27.17,165.09682899949016,21.349870443986255
Envolee,Figaro II,0,51.0,563.0,42.75,12.42,42.67,15.42,104.0,FS,42.75,15.42,32.18,32.0,11.33,6.5,6724.0,2425.0,45.67,49.67,18.33,24.08,91.60723005022321,26.657495129626056
Alchera,J 120  Mod,28870,51.0,559.0,50.5,14.5,46.5,17.57,125.0,FS,52.0,21.55,40.0,35.0,12.0,7.0,13900.0,6000.0,,,,,144.73136193252816,21.400507951420934
Frequent Flyer,Mumm/Farr 30,52,54.0,552.0,38.2,10.9,40.5,14.6,104.0,FS,44.9,13.58,30.9,27.6,10.1,6.9,4561.0,1997.0,41.33,46.92,23.67,25.25,96.84669570914123,29.269925548428517
Q,Custom Schumacher 40,28901,54.0,564.0,47.0,14.67,47.5,18.35,105.0,FS,47.0,7.6,40.0,31.5,,,10166.0,4528.0,,,,,145.20127358913666,26.567936426085794
Quintessence,Olson 40,77941,54.0,551.0,50.0,15.75,44.0,14.25,125.0,MS,,6.5,40.33,36.0,,,11250.0,5500.0,,,,,107.6457782186949,22.499676107660104
Lark,J 112e,70061,54.0,576.0,48.58,14.0,45.93,15.5,99.0,FS,52.0,20.75,,,11.81,6.9,11300.0,3816.0,50.02,58.7,30.55,31.4,,22.07694013939122
Ragtime,J 90 M0D,50090,54.0,536.0,35.6,10.5,38.85,14.5,125.0,FR,43.1,18.0,30.0,27.0,8.5,6.5,3400.0,1595.0,,,,,77.11513198481647,33.11258858575654
Quiver,Santa Cruz 40,18514,57.0,536.0,52.0,16.0,45.5,14.0,146.0,MS,52.0,16.0,40.0,36.0,12.0,7.0,10500.0,5500.0,,,,,100.46939300411523,24.466992018081775
SAM,Columbia C 30-2,60449,57.0,531.0,36.8,12.8,38.0,14.8,100.0,FS,41.8,17.8,32.0,27.0,10.2,7.5,4500.0,1776.0,41.8,48.0,29.0,30.5,102.06414527402181,30.288974354199368
Outsider,Azzura 310,1000,57.0,540.0,35.35,11.55,38.75,13.25,110.0,FS,43.33,21.57,30.75,27.4,10.0,7.2,4850.0,2100.0,,,,,105.2548294335984,25.69839677809777
Pegasus,Custom Newland 36,28369,57.0,538.0,38.5,12.5,39.25,14.5,155.0,MS,24.75,13.75,36.5,32.42,10.0,7.4,6000.0,2200.0,39.75,46.0,19.2,25.6,78.6075391207996,25.410285200926648
Ferox,Pogo 36,6,57.0,518.0,46.62,17.12,45.53,14.1,110.0,MS,50.6,21.65,36.63,35.32,13.12,9.0,7937.0,2403.0,48.49,56.88,27.78,31.12,80.4167055439367,28.907872018750663
Divine Wind,Olson 40,69069,57.0,548.0,50.0,15.75,44.0,14.25,125.0,MS,51.21,15.8,40.33,36.0,11.25,6.5,10500.0,5500.0,,,,,100.46939300411523,23.559264948656686
Ventana,Beneteau Oceanis 46.1 SM,38130,57.0,535.0,58.17,18.67,54.33,18.5,105.0,FS,58.17,21.67,44.75,43.42,14.75,7.75,23356.0,6028.0,57.68,64.17,30.18,34.25,127.37405967349228,20.43398878804479
CentoMiglia,Flying Tiger 10 Meter,15,57.0,533.0,39.284,12.126,40.167,14.895,125.0,FS,45.282,19.134,32.68,30.31,9.12,7.61,4376.0,1918.0,42.651,51.541,27.76,27.493,70.15707691072134,32.089178717421916
Soliton,Synergy 1000,60412,60.0,555.0,40.75,16.3,41.86,15.33,125.0,FS,40.8,16.3,32.83,29.17,9.75,7.0,4800.0,2188.0,,,,,86.33441124115593,36.66291287717718
Swan Fun,Swan 55,43711,60.0,578.0,63.0,22.0,57.0,20.5,125.0,MS,23.75,,54.63,38.0,14.166,8.0,49935.0,17000.0,59.4,65.1,38.5,39.0,406.26204100972654,15.037020189801131
Invictus,Jeanneau Sunfast 3600,12,60.0,580.0,46.58,13.83,44.25,15.08,105.0,FS,48.0,13.83,35.42,31.25,11.67,7.0,10362.0,4850.0,,,,,151.58125714285714,22.03721054212402
Jet Stream,Custom JS 9000,9045,60.0,544.0,27.08,9.5,30.84,10.171,87.0,FS,30.25,15.5,29.9,27.9,5.7,6.8,2425.0,1543.0,,,,,49.848387557887214,25.27405622447709
L'attitude,Beneteau Sense 50,0,63.0,532.0,65.58,20.17,62.0,19.5,125.0,MS,65.58,20.67,50.08,46.08,15.92,7.17,33720.0,8741.0,,,,,153.85164224982333,19.364737711140656
No Name,Viper 830,106,63.0,549.0,35.7,10.1,35.7,13.3,105.0,MS,37.75,15.0,27.7,25.0,8.5,7.16,2500.0,1543.0,33.75,44.0,22.0,23.0,71.42857142857143,36.2368246734181
Nice Rack,Martin 243,9,63.0,531.0,28.0,9.0,33.0,13.0,106.0,FS,36.25,16.0,24.0,24.0,8.0,5.7,1680.0,410.0,35.0,43.0,19.0,18.5,54.25347222222223,38.50861224301011
Raven,C&C 115 ODR,38108,63.0,580.0,52.17,14.5,49.33,16.33,106.0,FS,52.17,14.5,37.75,33.0,11.92,6.67,11800.0,4200.0,,,,,146.5858903875433,24.067690759211665
Jeni,C&C 115 ODR,28590,63.0,586.0,52.167,14.5,49.33,16.33,110.0,FS,,15.5,37.75,33.0,11.92,6.67,11800.0,4200.0,51.6,57.5,28.7,25.4,146.5858903875433,24.067020510473455
Amicizia,Hanse 415,84,63.0,585.0,54.03,15.35,52.91,18.27,95.0,FS,60.16,15.35,40.6,37.4,13.7,6.92,19621.0,6393.0,,,,,167.43965204933997,19.713317463454697
'io,Antrim 27 C,38124,66.0,536.0,28.83,8.17,33.75,13.8,125.0,FS,36.98,15.22,27.73,23.75,9.25,6.0,2500.0,1225.0,,42.06,,,83.31076999979173,30.420362751955413
3 Little Birds,C&C 115,7239,66.0,,52.2,14.5,49.33,16.33,110.0,FS,,,37.75,33.0,11.916,6.67,11800.0,4200.0,,,,,146.5858903875433,24.074393246593747
Quixote,Elan 40,61504,66.0,593.0,50.03,14.27,49.0,17.7,120.0,MS,54.0,15.55,39.01,33.6,12.4,6.75,15873.0,5621.0,48.0,53.8,20.9,23.0,186.807008491109,19.991574823205212
Typon,Swan 47,59855,69.0,584.0,61.0,19.8,54.0,16.0,101.0,MS,,,47.8,36.2,13.7,7.8,32400.0,15500.0,,,,,304.9097278086368,16.274451256658487
Phat Jack,Express 37,18257,72.0,587.0,48.75,14.33,42.0,13.75,150.0,MS,48.75,,37.08,30.83,11.57,7.25,11000.0,4500.0,,,,,167.58073568055963,20.60457118214388
Willow,Wauquiez 40s Centurion,38300,72.0,579.0,51.5,14.17,49.21,19.3,110.0,FS,51.5,,41.17,36.4,12.66,7.75,18960.0,6085.0,,52.8,,,175.5036543148745,18.860619593889094
White Rose,Sabre 426,38131,72.0,601.0,56.5,16.6,49.5,17.5,110.0,MS,56.5,,42.5,36.0,13.42,6.88,24000.0,8400.0,42.0,49.0,28.0,24.0,229.64432686654908,17.3126596547918
Spy vs Spy,Express 37,40963,72.0,588.0,48.75,14.33,42.0,13.75,155.0,MS,48.75,,37.083,30.833,11.57,7.25,11000.0,4500.0,,,,,167.53182445304608,20.60457118214388
Eclipse,Express 37,18495,72.0,,48.75,14.33,42.0,13.75,155.0,MS,48.75,,37.08,30.83,11.57,7.25,11000.0,4500.0,,,,,167.58073568055963,20.60457118214388
Spindrift V,Express 37,18305,72.0,592.0,48.75,14.33,42.0,13.75,150.0,MS,48.75,14.33,37.08,30.83,11.57,7.25,11000.0,4500.0,45.28,50.2,26.25,24.1,167.58073568055963,20.60457118214388
Latency,J 99,108,72.0,595.0,43.47,12.56,41.8,14.3,100.0,FS,47.25,16.73,32.6,28.6,11.18,6.54,8415.0,3350.0,45.93,54.13,30.58,26.98,160.58611909876024,22.080142883111275
Golden Moon,Express 37,18488,72.0,587.0,48.75,14.33,42.0,13.75,155.0,MS,48.75,,37.0,30.83,11.57,7.25,11000.0,4500.0,,,,,167.58073568055963,20.60457118214388
Basic Instinct,Custom Elliott 10.50,8123,72.0,574.0,41.0,12.5,44.2,17.5,125.0,FS,45.6,15.0,34.42,31.83,12.08,7.0,10220.0,3000.0,,51.49,,,141.4793192923489,21.808674373932302
Loca Motion,Express 37,18410,72.0,587.0,48.75,14.33,42.0,13.75,155.0,MS,48.75,14.33,37.08,30.83,11.57,7.25,9000.0,4500.0,,,,,137.11151101136699,23.555522807754567
Unnamed,J 99,29,72.0,598.0,43.47,12.56,41.8,14.3,102.0,FS,47.25,16.73,32.6,28.6,11.18,6.54,8415.0,3480.0,45.2,53.5,27.85,26.0,160.58611909876024,22.080142883111275
Limitless,Express 37,18513,72.0,592.0,48.75,14.33,42.0,13.75,155.0,MS,48.75,14.33,37.1,30.8,11.57,7.25,11100.0,4500.0,45.94,50.6,25.79,25.79,169.59881401156733,20.48057166133678
Mudshark,Express 37,28052,72.0,587.0,48.75,14.33,42.0,13.75,155.0,MS,48.75,,37.08,30.83,11.57,7.25,11000.0,4500.0,,,,,167.58073568055963,20.60457118214388
Lindo,J 109,195,72.0,596.0,46.5,13.3,43.3,15.5,125.0,FS,49.0,18.8,35.25,30.5,11.5,7.0,10900.0,3900.0,45.63,56.33,27.2,27.75,171.50585920659188,20.949979257923868
Perplexity,Express 37,41729,72.0,601.0,48.75,14.33,42.0,13.75,130.0,MS,48.75,14.33,37.08,30.83,11.57,7.25,11000.0,4500.0,44.9,50.8,25.9,25.8,167.58073568055963,20.60457118214388
Elmach,XC-42,1702,72.0,598.0,54.9,15.26,54.63,17.29,108.0,FS,59.88,16.9,42.03,37.6,13.4,7.41,34899.0,10990.0,54.69,63.81,35.3,28.74,293.090289375565,13.323646467389064
Aliz'e,J 35,87643,72.0,600.0,46.333,14.7,,14.0,150.0,MS,,,35.42,30.0,11.666,6.75,10500.0,4400.0,,,,,173.61111111111114,
Mojo,J 35,18935,72.0,598.0,46.4,14.7,41.75,14.98,150.0,MS,46.3,14.7,35.42,30.0,11.8,6.9,10500.0,4400.0,,,,,173.61111111111114,21.77703861721023
Elan,Express 37,87700,72.0,591.0,48.75,14.33,42.0,13.75,155.0,MS,48.75,,37.083,30.833,11.57,7.25,11000.0,4500.0,,,,,167.53182445304608,20.60457118214388
Arch Angel,Antrim 27 CM ODR,3,75.0,556.0,28.69,8.17,33.75,14.0,116.0,FS,37.25,15.0,27.73,23.75,9.25,6.0,2900.0,1050.0,38.0,44.2,20.1,25.1,96.64049319975841,27.773390805787674
Punk Dolphin,Custom Wylie 38,18481,75.0,592.0,48.0,14.33,,14.0,125.0,MS,,,38.0,31.0,11.6,6.75,14000.0,5000.0,,,,,209.7949045013595,
Joker,J 35,400,75.0,600.0,46.4,14.7,,14.0,125.0,MS,,,35.42,30.0,11.8,6.75,10500.0,4400.0,,,,,173.61111111111114,
Cascade,Antrim 27 CM ODR,13,75.0,559.0,28.69,8.17,33.75,14.0,116.0,FS,37.25,15.0,27.73,23.75,9.25,6.0,2900.0,1050.0,38.0,44.2,20.1,23.0,96.64049319975841,27.773390805787674
Eagle,Express 37,40237,75.0,587.0,48.75,14.33,42.0,13.75,100.0,MS,48.75,,37.08,30.83,11.57,7.25,11000.0,4500.0,,,,,167.58073568055963,20.60457118214388
Timber Wolf,Farr 38-1 C&B Marine,67519,75.0,593.0,43.91,13.36,44.83,17.91,155.0,FS,47.9,,38.32,30.9,11.97,6.39,12000.0,4100.0,,,,,181.57572606213483,21.17142621855917
Mirthmaker,A 35,18250,75.0,588.0,44.22,12.99,44.94,14.66,90.0,FS,51.06,14.99,34.7,30.47,11.6,6.88,9810.0,4367.0,,53.31,,,154.8116453494513,21.492938091924803
Bullet,Express 37,40311,75.0,591.0,48.75,14.33,42.0,13.75,125.0,MS,48.75,,37.08,30.83,11.57,7.25,11000.0,4600.0,,,,,167.58073568055963,20.60457118214388
Snowy Owl,Express 37 SD,69458,75.0,587.0,48.75,14.33,42.0,13.8,150.0,MS,48.75,,37.08,30.83,11.57,6.25,11000.0,4500.0,,,,,167.58073568055963,20.63847920136866
WISC,J 109 ODR,311,75.0,603.0,46.5,13.3,43.25,15.5,155.0,FS,49.0,18.8,32.25,30.5,11.5,7.0,10900.0,3900.0,45.63,56.33,27.2,27.75,171.50585920659188,20.93738912615829
CruzSea Baby,Beneteau First 10R ODR,52878,78.0,612.0,43.2,12.07,42.25,14.73,155.0,FS,46.41,16.5,32.75,28.7,11.0,6.55,9715.0,3528.0,48.03,52.16,27.95,28.93,183.46325581067623,20.06342479297451
Streaker,J 105 ODR w/ 5'BS,469,78.0,595.0,40.6,13.5,41.5,14.5,100.0,FS,42.1,19.07,34.5,29.5,11.0,6.5,7750.0,3400.0,39.8,49.5,22.3,26.2,134.76826466470004,23.451412239284473
Javelin,J 105 ODR w/ 5'BS,394,78.0,595.0,40.6,13.5,41.5,14.5,100.0,FS,42.1,19.07,34.5,29.5,11.0,6.5,8697.0,3400.0,38.6,49.0,26.4,25.5,151.23607713405116,21.715698334991586
Zephyr,J 109 ODR,176,78.0,599.0,46.5,13.3,43.25,15.5,105.0,FS,49.0,18.8,35.25,30.5,11.5,7.0,10900.0,3900.0,45.63,56.33,27.2,27.75,171.50585920659188,20.93738912615829
Kestrel,J 105 ODR w/ 5'BS,312,78.0,592.0,40.6,13.5,41.5,14.5,100.0,FS,42.1,19.07,34.5,29.5,11.0,6.5,7750.0,3400.0,39.8,49.5,24.6,26.2,134.76826466470004,23.451412239284473
La Viajera,J 109 ODR,56480,78.0,598.0,46.5,13.3,43.25,15.5,105.0,FS,49.6,18.8,35.25,30.5,11.5,7.0,10900.0,3900.0,45.63,56.33,27.2,27.75,171.50585920659188,20.93738912615829
NeNe,J 105 ODR w/ 5'BS,3,78.0,591.0,40.6,13.5,41.5,14.5,100.0,FS,42.1,19.07,34.5,29.5,11.0,6.5,7750.0,3400.0,39.8,49.5,24.6,26.2,134.76826466470004,23.451412239284473
Wahoo,J 105 ODR w/ 5'BS MOD,280,78.0,589.0,40.6,13.5,41.5,14.6,155.0,FS,42.1,19.25,34.5,29.5,11.0,6.5,7750.0,3400.0,40.7,49.5,25.8,28.5,134.76826466470004,23.53605228867616
Yellowfin,J 105 ODR w/ 5'BS,357,78.0,587.0,40.6,13.5,41.5,14.5,100.0,FS,42.1,19.07,34.5,29.5,11.0,6.5,7750.0,3400.0,38.33,48.92,25.67,25.5,134.76826466470004,23.451412239284473
Chao Pescao,J 105 ODR w/ 5'BS,382,78.0,573.0,40.6,13.5,41.5,14.5,100.0,FS,42.1,19.07,34.5,29.5,11.0,6.5,7750.0,3400.0,39.8,49.5,24.6,26.0,134.76826466470004,23.451412239284473
Second Wind,Sabre 426 WK,51986,78.0,596.0,56.5,16.6,49.25,17.5,155.0,MS,56.6,16.6,42.5,36.0,13.5,5.16,24595.0,8850.0,54.7,57.9,29.4,29.6,235.33759247011562,16.990862617656898
Kincsem,J 105 ODR w/ 5'BS,125,78.0,595.0,40.6,13.5,41.5,14.5,100.0,FS,42.1,19.07,34.5,29.5,11.0,6.5,7750.0,3400.0,39.8,49.5,22.3,26.2,134.76826466470004,23.451412239284473
Reverie,J 109 ODR,52423,78.0,603.0,46.5,13.3,43.25,15.5,105.0,FS,49.6,18.8,32.25,30.5,11.5,7.0,10900.0,3900.0,43.3,56.43,28.08,28.05,171.50585920659188,20.93738912615829
Twelve Bar Blues,J 105 ODR w/ 5'BS,87,78.0,592.0,40.6,13.5,41.5,14.5,100.0,FS,42.1,19.07,34.5,29.5,11.0,6.5,7750.0,3400.0,39.01,48.69,25.79,27.89,134.76826466470004,23.451412239284473
Advantage 3,J 105 ODR w/ 5'BS,84,78.0,592.0,40.6,13.5,41.5,14.5,100.0,FS,42.1,19.07,34.5,29.5,11.0,6.5,7750.0,3400.0,38.6,49.0,26.4,25.5,134.76826466470004,23.451412239284473
Energy,J 105 ODR w/ 5'BS,46060,78.0,592.0,40.6,13.5,41.5,14.5,100.0,FS,42.1,19.07,34.5,29.5,11.0,6.5,7750.0,3400.0,39.8,49.5,24.6,26.0,134.76826466470004,23.451412239284473
Tivoli,Beneteau Oceanis 50,50045,78.0,,60.82,18.43,55.77,18.73,110.0,FS,,,49.5,43.67,14.75,5.75,26988.0,9477.0,,,,,144.66820982523217,19.21570437611848
Wet Corvette,Antrim 27 AL,20,81.0,570.0,28.69,8.17,33.75,14.0,100.0,FS,37.25,15.0,27.73,23.75,9.25,6.0,2900.0,1050.0,38.0,44.2,20.1,25.1,96.64049319975841,27.773390805787674
Split Water,J 88,78,81.0,575.0,38.67,11.28,36.82,12.0,104.0,FS,46.0,18.05,29.19,26.84,9.5,6.5,4990.0,1840.0,40.84,47.83,27.32,29.0,115.21393051384044,24.019949889897294
Mintaka 4,Farr 38,18441,81.0,589.0,43.67,13.67,44.9,17.9,125.0,FS,46.2,,38.25,31.17,12.0,6.33,11850.0,4100.0,,,,,174.68673399547393,21.520903183753568
Speedwell,J 88,20,81.0,575.0,38.67,11.28,36.82,12.0,105.0,FS,46.0,18.05,29.19,26.84,9.5,6.5,4990.0,1840.0,40.84,47.83,27.32,29.0,115.21393051384044,24.019949889897294
Avion,Bianca 414,30345,81.0,591.0,50.14,15.61,51.17,17.3,150.0,MS,50.14,,41.27,32.81,9.58,8.5,19953.0,8624.0,47.41,53.41,26.9,31.69,252.19791573143928,18.103538029059845
Southern Star,Beneteau Farr First 36.7,56445,81.0,614.0,46.4,13.1,45.4,15.6,155.0,FS,46.4,13.1,36.0,30.3,11.4,7.3,12495.0,4034.0,,,,,200.5212284781071,19.518716249034483
Lonestar                                       40              81          607,Beneteau First 10R ODR MOD,,,,43.2,12.07,42.25,14.73,155.0,FS,46.41,16.5,32.75,28.7,11.0,6.55,9715.0,3528.0,45.8,52.9,26.4,25.5,183.46325581067623,20.06342479297451
Bonaparte,Beneteau Farr First 36.7,38054,81.0,614.0,46.4,13.1,45.4,15.6,155.0,FS,46.4,13.1,36.0,30.3,11.4,7.2,12495.0,4034.0,,,,,200.5212284781071,19.518716249034483
Free Energy 5,Beneteau First 35 CE,19,81.0,624.0,47.25,13.12,45.93,14.75,105.0,FS,51.48,16.12,35.31,30.61,11.49,7.22,13360.0,3682.0,41.1,46.7,20.5,23.3,207.95456146341854,18.40131452998528
Windsome,J 100 ODR,140,81.0,584.0,38.5,11.5,38.0,13.5,84.0,FS,43.0,15.9,32.8,29.0,9.25,5.75,6500.0,2450.0,42.82,49.41,26.9,26.81,118.97928222910801,21.919121539916635
Outcast,Farr 38,4823,81.0,597.0,43.67,13.67,44.9,17.9,150.0,FS,46.2,,38.25,31.17,12.0,6.4,10600.0,4100.0,,,,,156.25986332084588,23.18203842147325
White Shadow,J 88,23,81.0,575.0,38.67,11.28,36.82,12.0,104.0,FS,46.0,18.05,29.19,26.84,9.5,6.5,4990.0,1840.0,40.84,47.83,27.32,29.0,115.21393051384044,24.019949889897294
Inconceivable,J 88,9,81.0,563.0,38.67,11.28,36.82,12.0,104.0,FS,46.0,18.05,29.19,26.84,9.5,6.5,4990.0,1840.0,40.84,47.83,27.32,29.0,115.21393051384044,24.019949889897294
Ravenette,J 88,80,81.0,575.0,38.67,11.28,36.82,12.0,104.0,FS,46.0,18.05,29.19,26.84,9.5,6.5,4990.0,1840.0,40.84,47.83,27.32,29.0,115.21393051384044,24.019949889897294
Circe,Freedom 40/40,20,81.0,604.0,47.74,12.89,51.28,18.85,100.0,FS,48.24,6.9,40.4,35.1,,,23213.0,9700.0,,,,,239.64143066260735,15.522255749965776
Butcher,J 88,32,81.0,575.0,38.67,11.28,36.82,12.0,104.0,FS,46.0,18.05,29.19,26.84,9.5,6.5,4990.0,1840.0,40.84,47.83,27.32,29.0,115.21393051384044,24.019949889897294
Eight Ball,J 100 MOD,8,81.0,589.0,38.5,11.5,38.0,13.5,95.0,FS,43.0,15.9,32.0,29.0,9.25,5.75,7250.0,2450.0,,,,,132.70766094785122,20.37937699308172
Barcanova,Jeanneau Sun Fast 3200,3200,81.0,599.0,41.92,12.63,38.67,13.8,110.0,FS,43.77,13.61,33.1,28.0,11.5,6.2,7496.0,2866.0,39.55,44.95,24.52,24.45,152.44299250312366,22.169354048904687
Mistral,Beneteau Farr First 36.7,28394,81.0,614.0,46.4,13.1,45.4,15.6,155.0,FS,46.4,13.1,35.0,30.3,11.6,7.2,12495.0,4034.0,,,,,200.5212284781071,19.518716249034483
Rum Tum Tugger                        39              84          607,Beneteau First 10R ODR MOD,,,,43.2,12.07,42.25,14.73,105.0,FS,46.41,16.5,32.75,28.7,11.0,6.55,9715.0,3528.0,45.8,52.59,26.4,25.5,183.46325581067623,20.06342479297451
Daredevil,Melges 24,659,84.0,,27.85,7.98,28.75,12.42,100.0,FS,31.85,12.0,24.0,22.0,8.17,5.25,1750.0,650.0,32.9,38.0,19.23,20.67,73.37058602554471,31.878853299835665
A Demain,Melges 24,419,84.0,570.0,27.85,7.95,28.75,12.416,110.0,FS,31.85,12.0,24.0,22.0,8.166,5.25,1650.0,625.0,32.9,38.0,19.23,20.67,69.1779811097993,33.1004682132991
Mulan,Beneteau First 10R ODR,9484,84.0,615.0,43.2,12.07,42.25,14.73,100.0,FS,46.41,16.5,32.75,28.7,11.0,6.55,9715.0,3258.0,45.8,52.9,26.4,25.5,183.46325581067623,20.06342479297451
Committed,Melges 24,658,84.0,568.0,27.85,7.98,28.75,12.416,110.0,FS,31.85,12.0,24.0,22.0,8.166,5.25,1750.0,625.0,32.9,38.0,19.23,20.67,73.37058602554471,31.872525051568775
H Pod,J 100 ODR,165,84.0,586.0,38.5,11.5,38.0,13.5,100.0,FS,43.0,15.9,32.8,29.0,9.21,5.75,7013.0,2450.0,39.12,49.13,26.08,25.02,128.36949327272836,20.836198833904685
Mo 'Pinchin,Beneteau Oceanis 40.1,119,84.0,,49.67,15.67,48.17,16.67,105.0,MS,,5.5,42.25,38.42,,,18290.0,4930.0,,,,,143.9771609493927,18.189302189486092
High Climber,Dufour A9000,,84.0,621.0,55.69,15.9,,15.0,170.0,CTR,,,39.16,31.5,,6.75,19841.0,9800.0,,,,,283.38957990183553,
Ilaria,Alerion Express 41,3,84.0,,44.28,13.51,48.59,18.39,83.0,FS,,6.17,40.5,30.5,,,16000.0,6000.0,,,,,251.75171993628166,18.7608518697901
Thirsty,Beneteau First 30 R,60477,84.0,586.0,41.5,13.71,40.5,14.4,107.0,MS,43.96,15.5,31.8,28.0,10.6,6.4,9072.0,2850.0,49.14,44.19,22.64,20.34,184.4934402332361,21.15528091307594
Hattie,J 100 ODR,14,84.0,598.0,38.5,11.5,38.0,13.5,100.0,FS,43.0,12.0,32.8,29.0,9.3,5.8,6500.0,2500.0,42.0,47.1,23.4,22.3,118.97928222910801,21.919121539916635
First Wave,Beneteau First 27,165,87.0,602.0,31.0,12.2,31.25,11.0,107.0,FS,35.0,17.4,26.2,26.2,8.33,5.58,3902.0,1345.0,27.5,34.0,13.5,18.0,96.85797225925715,23.270759720072785
Akyaa,Hobie 33 ODR,163,87.0,543.0,33.6,12.4,35.3,12.5,105.0,MS,36.5,16.2,37.0,30.83,8.0,5.5,4260.0,1800.0,,,,,64.89944854538037,26.079991762231202
First on the Beat,Beneteau First 27,27,87.0,590.0,31.16,12.25,33.16,11.91,95.0,FS,35.8,17.5,26.25,25.9,8.3,5.7,3902.0,1345.0,35.2,43.0,21.95,23.4,100.2628290108032,25.033774008244006
Reverie,Tartan 41 TM DK,12012,87.0,592.0,53.5,17.33,47.75,13.0,149.0,MS,53.5,19.33,40.63,32.67,12.25,7.36,19000.0,9900.0,51.9,56.2,36.3,36.0,243.25298551282862,17.358320316920675
Story Maker,Tartan 101,7090,87.0,587.0,47.6,12.5,45.24,14.83,105.0,FS,50.12,16.5,33.0,29.1,10.9,6.5,8500.0,3250.0,46.6,55.3,29.1,28.8,153.9897948578823,24.275723354885177
Wolfpack,Donovan 30,3001,87.0,575.0,38.5,11.6,34.0,10.66,150.0,MS,,11.6,30.0,25.0,10.75,5.67,3300.0,1330.0,37.0,41.25,19.4,20.65,94.28571428571429,29.161727225427047
Aloha,Hobie 33 ODR,13,90.0,556.0,33.8,12.4,35.0,12.5,100.0,FS,36.5,,33.0,30.5,8.0,5.5,4694.0,1900.0,38.4,40.49,21.92,23.5,73.85766083630664,24.409620027112773
Water Witch,P-Class Cutter,3,90.0,582.0,65.59,23.7,59.41,26.0,120.0,MS,,23.7,56.0,39.0,11.5,8.0,48000.0,15000.0,,,,,361.2429647932606,18.730344164455595
Yucca,Custom DitTMar 50,8526,90.0,612.0,41.36,14.06,50.04,20.12,150.0,MS,54.25,,49.09,32.0,7.94,7.03,23750.0,11000.0,,,,,323.56807163783475,15.348437531558622
Tuquila,Hobie 33 ODR,87112,90.0,554.0,33.8,12.4,35.0,12.4,125.0,FS,36.8,,33.0,30.5,8.0,5.5,4000.0,1800.0,,,,,62.937929984070415,27.047563942085826
Bloom County,Custom Mancebo 31,18151,90.0,585.0,33.0,10.13,33.5,11.33,155.0,FS,37.67,13.0,30.96,27.5,9.83,6.92,4470.0,1700.0,,42.0,,,95.95363314371575,21.015554380652016
Drop Beer,Beneteau Class 10,18277,90.0,588.0,37.8,12.6,39.7,13.9,150.0,FS,38.6,,34.2,29.6,9.9,6.8,7000.0,2200.0,,,,,120.49662655716341,22.44146670539721
Pescado Azul,Catalina 425,29,90.0,,55.33,15.5,50.33,17.33,100.0,MS,59.2,17.43,43.5,39.08,13.7,6.7,18100.0,7700.0,,,,,135.38385970699133,20.036637514767648
Christina,Morris 486,48604,90.0,564.0,57.25,17.58,51.6,19.0,100.0,FS,,23.33,48.08,42.1,13.1,6.06,32000.0,10200.0,53.5,58.03,27.8,31.0,191.45013304032472,15.737044940681203
Another Girl,Alerion Express 38-2,20,90.0,613.0,42.98,12.99,47.5,18.25,90.0,MS,,,38.3,30.1,10.3,5.92,13000.0,5000.0,,,,,212.81186963978305,20.585581276763147
Special Edition,Custom Wilderness 30,8258,93.0,573.0,39.083,11.75,34.333,11.5,150.0,FS,39.083,14.083,29.75,27.75,8.75,6.0,4600.0,1800.0,,,,,96.09943868526773,24.667110862979253
Serenade,Sabre Spirit,,93.0,613.0,45.5,12.87,45.5,16.55,108.0,FS,45.5,12.87,36.67,28.33,10.42,6.58,10500.0,3740.0,,,,,206.15864788127647,22.295275823910444
Katester,Sabre Spirit,227,93.0,621.0,45.5,12.87,45.5,16.55,90.0,FS,51.2,,36.67,28.33,10.42,6.58,9600.0,4000.0,,,,,188.4879066343099,23.668525307470805
American Beauty,New York 36,36046,93.0,659.0,42.1,12.7,46.5,16.0,125.0,FS,,,36.67,29.5,11.67,6.33,12170.0,4200.0,,,,,211.6296491573419,19.300195457771586
Giselle,Sabre 42,42887,96.0,,52.5,14.33,45.83,16.54,110.0,MS,,,41.75,34.0,12.66,6.833,18800.0,7800.0,,,,,213.53697188217842,17.05718192858314
Windswept Lady,X-362 Classic,50980,96.0,622.0,46.6,12.9,40.6,14.1,125.0,MS,46.6,12.9,35.1,30.4,11.4,6.2,12320.0,5170.0,42.3,46.8,22.9,26.7,195.76810577343636,17.570123157932635
Swell Patrol,Soverel 33-2,46924,96.0,556.0,42.5,12.75,41.0,13.0,155.0,MS,42.5,18.8,33.0,30.42,11.0,5.83,5800.0,2800.0,,,,,91.98189361584326,26.597666561383857
Flexi-Flyer,Soverel 33-2,18282,96.0,574.0,42.5,12.8,,13.0,155.0,MS,,,33.0,30.5,11.0,5.85,5800.0,2800.0,,,,,91.2599984769021,
Alpha,S&S 47 (Stevens 47),8502,96.0,596.0,54.0,18.75,47.0,17.33,150.0,MS,54.0,18.75,47.75,34.5,11.67,6.25,30000.0,13000.0,,,,,326.1489248174545,15.107517101010966
Good And Plenty,Soverel 33-2,18263,96.0,574.0,42.5,12.75,41.0,13.0,155.0,MS,41.0,12.75,33.0,30.5,11.0,5.85,5800.0,2800.0,,,,,91.2599984769021,26.597666561383857
Prime Number,Tartan 4100 SD,38107,96.0,602.0,57.0,15.0,47.75,17.22,106.0,MS,57.0,15.0,41.25,35.75,13.5,5.33,20400.0,8000.0,,,,,199.32143752379466,17.937743953124826
Freedom,Worth 40,18230,96.0,604.0,54.0,16.0,47.0,14.0,155.0,MS,16.0,,40.0,34.25,12.5,7.25,21000.0,7800.0,,,,,233.34019094227818,15.965643582129577
Concussion,Olson 30 OB,202,99.0,589.0,36.0,11.75,31.5,10.75,155.0,MS,35.9,11.67,30.0,27.5,9.33,5.08,3600.0,1800.0,33.3,37.73,21.0,21.82,77.2780938070194,25.904753860630287
Placebo,Soverel 33-2,115,99.0,573.0,42.5,12.75,45.5,13.0,100.0,FS,42.5,14.75,29.92,30.5,11.0,5.85,5800.0,2800.0,39.99,46.88,22.05,22.28,91.2599984769021,28.04524278544801
Ala Moana,Beneteau First 30,104,99.0,616.0,41.66,13.78,40.3,14.25,105.0,FS,42.16,15.78,31.7,27.6,10.5,6.25,8267.0,2403.0,43.7,48.6,26.9,28.82,175.53861728293586,22.43340369636377
Dragonsong,Olson 30 OB,87014,99.0,583.0,36.0,11.75,31.5,10.75,155.0,MS,35.9,11.67,30.0,27.5,9.33,5.08,3600.0,1800.0,,,,,77.2780938070194,25.904753860630287
Nina,Olson 29,27,99.0,580.0,34.0,11.0,32.5,11.5,155.0,FS,36.0,,29.67,27.5,9.33,5.58,3700.0,1950.0,,,,,79.42470752388105,24.97226406940244
Wysiwyg,Olson 30 OB,28132,99.0,583.0,36.0,11.75,31.5,10.75,155.0,MS,35.9,11.67,30.0,27.5,9.33,5.083,3600.0,1800.0,,,,,77.2780938070194,25.904753860630287
Zeus,Swan 391,######,99.0,,53.5,16.25,47.25,14.0,125.0,MS,53.5,16.25,39.99,33.1,2.47,7.4,20000.0,6800.0,,,,,246.2056392145028,16.589938295906745
Joyride,Express 34,41382,99.0,624.0,44.25,13.0,38.5,12.83,135.0,MS,44.25,,34.0,28.33,10.33,6.11,8000.0,3800.0,,,,,157.0732555285916,21.349711299399026
Flying Fish,Olson 30 OB,197,99.0,584.0,36.0,11.78,31.5,10.75,155.0,MS,35.92,11.67,30.0,27.5,9.33,5.1,3600.0,1800.0,,,,,77.2780938070194,25.941487337301194
X TA C,Olson 29,18457,99.0,585.0,34.0,11.0,32.42,11.42,155.0,MS,36.0,,29.67,27.5,9.33,5.25,3900.0,1900.0,,,,,83.71793495760436,23.997326548188706
Serenity,Beneteau Oceanis 41.1,0,99.0,564.0,52.59,16.96,50.52,15.45,125.0,FS,54.5,17.8,40.78,37.3,13.78,7.19,17750.0,5071.0,51.5,57.3,24.1,32.0,152.69465801295223,19.626035771322424
Red Cloud,Farr 36,99,99.0,599.0,38.3,12.16,41.0,16.75,115.0,FS,38.3,12.16,36.0,31.33,11.92,6.16,10430.0,3950.0,,,,,151.41019035238182,19.280977908279908
Wayward Wind,Baltic 38 DP,87258,99.0,594.0,52.25,15.82,46.25,13.75,105.0,MS,52.25,,38.08,31.5,12.34,7.25,14330.0,6512.0,,,,,204.67580666263314,19.796178613070776
Lilith,,7,102.0,598.0,,50.75,26.5,,,,,,38.83,32.0,11.83,6.67,12000.0,6200.0,,,,,163.4870256696428,
Hedgehog,Olson 29,13,102.0,575.0,34.0,11.0,32.5,11.5,125.0,FS,36.0,11.75,29.67,27.5,9.33,5.58,3600.0,1950.0,,,,,77.2780938070194,25.432830722844308
TESA,Catalina 42-1/2,642,102.0,597.0,53.0,16.41,46.75,15.416,155.0,MS,53.0,23.0,41.83,36.0,13.83,6.8,25500.0,8300.0,44.2,52.0,32.0,31.0,243.99709729570841,14.656955174597687
Werewolf,Olson 30 OB,109,102.0,584.0,36.0,11.75,31.5,10.75,95.0,MS,35.9,11.67,30.0,27.5,9.33,5.08,3600.0,1800.0,,,,,77.2780938070194,25.904753860630287
Flight Risk,Thompson 650,650,102.0,583.0,26.67,8.86,28.29,10.4,100.0,FS,28.25,14.86,22.3,19.8,8.16,5.9,1692.0,660.0,33.6,37.79,19.5,20.58,97.30984248890584,29.856877303004698
Checkered Past,,3,102.0,597.0,,52.0,26.6,,,,,,38.83,32.0,11.5,6.6,12000.0,6200.0,,,,,163.4870256696428,
Gwendolyn,Olson 29,7,102.0,571.0,34.0,11.0,32.5,11.5,125.0,FS,36.0,11.75,29.67,27.5,9.33,5.58,3600.0,1950.0,,,,,77.2780938070194,25.432830722844308
RAD,Beneteau First 30,7406,105.0,626.0,41.6,13.7,40.3,14.3,100.0,FS,42.6,15.0,31.7,27.6,10.5,6.3,8400.0,2400.0,40.29,46.62,23.77,23.98,178.36269325954535,22.15450016817723
Revelry,Catalina 42-1/2,703,105.0,614.0,53.0,16.416,46.75,15.416,125.0,MS,53.0,16.416,41.833,36.0,13.833,6.83,20500.0,8300.0,47.4,52.7,26.0,27.5,196.1545291985107,16.957157794931327
Carmelita,Catalina 42-1/2,131,105.0,602.0,53.0,16.42,46.75,15.5,125.0,MS,53.0,,41.83,36.0,13.83,6.66,22000.0,8300.0,47.34,56.75,29.69,25.59,210.50729962767002,16.21905297734859
Zaff,J 92,56272,105.0,597.0,37.0,11.5,37.75,13.25,155.0,FS,39.0,17.0,30.0,25.8,10.0,5.9,5500.0,2275.0,38.6,45.8,28.9,29.5,142.9735014513713,23.73201053054657
Rascal,Custom Wilderness 30 SX,28175,105.0,596.0,36.0,11.0,32.0,11.5,150.0,MS,36.0,6.0,,26.5,,,4200.0,1650.0,,,,,100.75431396387621,23.44650576167126
Red Sky,Ericson 34 Olson SM,28340,105.0,636.0,44.0,12.95,38.7,12.95,150.0,MS,44.0,12.95,33.88,28.0,10.8,6.08,10855.0,3500.0,33.77,41.5,17.91,21.98,220.75355971470216,17.4462555561616
Zephyrus,Beneteau First 30,45,105.0,589.0,41.66,13.78,40.2,14.25,105.0,FS,42.16,15.7,31.7,27.5,10.5,6.25,8267.0,2403.0,40.5,45.6,23.8,25.98,177.4605559729526,22.405565836969952
Imagination,Bavaria 40,0,108.0,599.0,47.25,14.58,44.46,15.58,111.0,FS,48.0,,40.94,35.93,13.1,6.4,17417.0,6283.0,44.0,48.0,22.0,20.0,167.63074760255174,16.41884368722021
Grand Cru,Beneteau Oceanis 38.1,38174,108.0,607.0,45.96,15.72,43.47,13.81,90.0,FS,46.75,16.5,37.73,35.17,13.09,6.86,15102.0,3946.0,42.65,47.24,14.57,21.95,154.97774686833242,17.289170268513214
Hijinks,J 92,90,108.0,605.0,37.0,11.5,37.66,13.22,97.0,FS,38.5,17.0,30.0,26.5,10.0,5.9,5500.0,2275.0,40.85,45.4,23.55,26.51,131.94017304793314,23.672473323816345
Slipstream,Catalina 42-1/2,850,108.0,615.0,53.0,16.42,46.75,15.45,125.0,MS,53.0,16.42,41.83,36.0,13.83,6.83,20500.0,8300.0,,,,,196.1545291985107,16.976361564588814
Iguana,Beneteau 411,61069,108.0,580.0,47.67,16.25,44.1,14.8,110.0,MS,47.67,19.25,41.7,36.1,13.0,5.0,17196.0,5500.0,46.08,51.56,27.53,30.02,163.17657467793438,17.107341994135645
Sweet Grapes,Ericson 36 Holland,19,108.0,629.0,47.75,14.5,,12.0,147.0,MS,,,35.58,29.0,11.83,6.25,11600.0,5230.0,,,,,212.33225751656198,
Humble Vandal,J 92,64999,108.0,602.0,37.0,11.5,38.0,13.5,125.0,FS,38.5,17.0,30.0,26.5,10.0,5.9,5500.0,2275.0,40.8,45.4,25.1,26.5,131.94017304793314,24.060486808904688
Gig,Humboldt 30 IB,18112,108.0,608.0,37.5,11.5,41.5,13.75,149.0,FS,37.5,,30.0,26.66,10.5,5.75,5400.0,2222.0,,,,,127.2229044867726,26.001532700217012
MINIMAX,Melges 20,131,111.0,607.0,23.19,7.05,24.25,9.84,110.0,FS,27.2,10.95,20.0,19.4,7.0,4.5,1105.0,415.0,26.25,29.78,17.65,18.8,67.5630224938959,30.06863693140722
For Pete's Sake,Ultimate 24 ODR,28469,111.0,592.0,28.04,7.82,31.0,11.5,102.0,FS,30.8,14.5,24.38,21.17,8.48,5.52,2040.0,750.0,30.6,36.0,20.9,22.2,95.98858177144331,28.603545582486817
Skye,Capo 30 MOD,1331,111.0,638.0,41.7,12.75,36.0,11.5,155.0,MS,41.5,12.75,33.0,26.0,10.33,5.42,7500.0,3000.0,,,,,190.49921971519603,19.713697692905246
Surprise!,Alerion Express 38-1,18,111.0,614.0,43.5,14.0,44.5,15.8,148.0,FS 45.8,14.0,,38.4,30.1,10.8,5.8,12400.0,4200.0,,,,,202.98978334871614,19.559003232802315
Music,Hunter 37 Legend WK,25352,111.0,619.0,48.0,13.6,48.72,15.35,110.0,FS,48.0,5.0,37.6,31.4,,,14900.0,6000.0,,,,,214.85690025169023,18.471707874038014
Rooster,Melges 20,225,111.0,607.0,23.19,7.05,24.25,9.84,110.0,FS,27.2,10.95,,,,4.5,1105.0,415.0,,,,,,30.06863693140722
Boondoogle,J 80 ODR,10,114.0,619.0,30.0,9.415,30.0,12.416,100.0,MS,33.25,15.666,,,8.2,4.75,2900.0,1400.0,31.996,39.162,23.156,23.16,,25.731639999805523
Azure,CAL 40,72,114.0,636.0,46.0,15.17,40.0,17.5,150.0,MS,46.0,,39.333,30.5,11.0,5.5,15500.0,6000.0,,,,,243.88447868827285,17.955274721914492
Shaman,CAL 40,5166,114.0,624.0,46.0,15.17,40.0,17.5,155.0,MS,46.0,,39.5,30.3,11.0,5.5,15500.0,6000.0,,,,,248.74582164150942,17.955274721914492
Sea Star,CAL 39-2/3,38022,114.0,631.0,50.0,16.7,44.0,13.8,150.0,MS,50.0,,39.0,32.0,12.0,6.7,17000.0,7000.0,44.0,48.0,30.0,34.0,231.60661969866067,17.41839390706323
Riff Rider,Cal 40,46,114.0,624.0,46.2,15.1,40.0,17.5,155.0,MS,46.2,,39.3,30.3,11.0,5.6,15000.0,6000.0,,,,,240.72176287888007,18.34967108447733
Ahi,Santana 35,30980,114.0,639.0,39.0,12.85,42.0,14.25,155.0,FS,39.0,,35.0,26.5,11.92,6.25,8500.0,3300.0,,,,,203.90754016498758,21.08745175973086
Green Buffalo,CAL 40,8538,114.0,633.0,46.7,15.2,39.8,17.6,155.0,MS,46.7,,39.3,30.0,10.9,5.8,15148.0,6000.0,,,,,250.46296296296302,18.395547961810482
SFYC 5,RS 21,199,114.0,634.0,24.11,7.64,25.59,9.94,92.0,MS,28.68,11.43,20.98,18.67,7.32,4.4,1455.0,731.0,27.5,33.46,17.55,17.71,99.811830668069,27.295835989004715
Rampage,J 70 ODR,582,114.0,611.0,26.77,7.68,26.16,9.44,100.0,FS,30.15,13.5,22.75,20.47,7.38,4.92,1750.0,630.0,28.87,35.43,18.24,18.7,91.08282715046528,24.90270246690217
Pearl,J 80 ODR,344,114.0,606.0,31.5,9.42,30.0,12.42,100.0,MS,33.25,15.67,26.25,22.0,8.2,4.75,2900.0,1400.0,32.0,39.16,23.16,25.16,121.58554255661694,26.29740369363112
Allons-Y,J 70 ODR,346,114.0,611.0,26.77,7.68,26.16,9.44,100.0,FS,30.15,13.5,22.75,20.47,7.38,4.92,1750.0,630.0,28.87,35.43,18.24,18.7,91.08282715046528,24.90270246690217
Duende,Cal 40,7954,114.0,638.0,46.0,15.2,40.0,17.5,155.0,MS,46.0,,39.33,30.0,11.0,5.5,16000.0,6000.0,,,,,264.5502645502646,17.5963995647186
Viva,Cal 40,103,114.0,625.0,46.0,15.17,40.0,17.5,155.0,MS,40.0,15.17,39.3,30.3,11.0,5.58,16600.0,6000.0,42.65,49.21,26.01,27.29,266.39875091929395,17.152649068041434
Son of a Son,J 70 ODR,586,114.0,613.0,26.77,7.68,26.16,9.44,100.0,FS,30.15,13.5,22.75,20.47,7.38,4.92,1750.0,630.0,28.87,35.43,18.24,18.7,91.08282715046528,24.90270246690217
SFYC 1,RS 21,202,114.0,634.0,24.11,7.64,25.59,9.94,92.0,MS,28.68,11.43,20.98,18.67,7.32,4.4,1455.0,731.0,27.5,33.46,17.55,17.71,99.811830668069,27.295835989004715
SFYC 2,RS 21,203,114.0,634.0,24.11,7.64,25.59,9.94,92.0,MS,28.68,11.43,20.98,18.67,7.32,4.4,1455.0,731.0,27.5,33.46,17.55,17.71,99.811830668069,27.295835989004715
SFYC 3,RS 21,197,114.0,634.0,24.11,7.64,25.59,9.94,92.0,MS,28.68,11.43,20.98,18.67,7.32,4.4,1455.0,731.0,27.5,33.46,17.55,17.71,99.811830668069,27.295835989004715
Highlander,Cal 40,4590,114.0,630.0,46.2,15.2,39.5,17.5,150.0,MS,46.2,,39.25,30.25,11.0,5.58,15000.0,6000.0,,,,,241.91739859447605,18.295447374471113
SFYC 6,RS 21,201,114.0,634.0,24.11,7.64,25.59,9.94,92.0,MS,28.68,11.43,20.98,18.67,7.32,4.4,1455.0,731.0,27.5,33.46,17.55,17.71,99.811830668069,27.295835989004715
Scilla,J 70 ODR,327,114.0,611.0,26.77,7.68,26.16,9.44,100.0,FS,30.15,13.5,22.78,20.47,7.38,4.92,1750.0,630.0,28.87,35.43,18.24,18.7,91.08282715046528,24.90270246690217
Maverick,J 80 ODR,132,114.0,606.0,31.5,9.42,30.0,12.42,100.0,FS,33.25,15.67,26.25,22.0,8.3,4.75,2900.0,1400.0,32.0,39.16,23.2,25.16,121.58554255661694,26.29740369363112
Kangaroo Jockey,J 70 ODR,29,114.0,598.0,26.77,7.68,26.16,9.44,100.0,FS,30.15,13.5,22.78,20.47,7.38,4.92,1750.0,630.0,28.87,35.43,18.24,18.7,91.08282715046528,24.90270246690217
Sandpiper,J 70 ODR,609,114.0,598.0,26.77,7.68,26.16,9.44,100.0,FS,30.15,13.5,22.75,20.47,7.38,4.92,1750.0,630.0,28.87,35.43,18.24,18.7,91.08282715046528,24.90270246690217
Solstice,Cal 40,4,114.0,624.0,46.01,15.17,40.25,17.5,155.0,MS,46.0,15.0,39.33,30.3,10.89,5.583,15000.0,6000.0,,,,,240.72176287888007,18.411729004595102
Sky,J 80 ODR,808,114.0,599.0,30.0,9.145,30.0,12.416,100.0,MS,33.25,15.57,,,8.2,4.75,2900.0,1400.0,31.996,39.162,23.156,25.16,,25.41339792202862
SFYC 4,RS 21,198,114.0,634.0,24.11,7.64,25.59,9.94,92.0,MS,28.68,11.43,20.98,18.67,7.32,4.4,1455.0,731.0,27.5,33.46,17.55,17.71,99.811830668069,27.295835989004715
Ciao Bella,Beneteau 37,38,117.0,613.0,45.833,15.0,43.5,12.9,105.0,FS,,,37.666,34.75,12.833,6.25,14008.0,3902.0,,,,,149.02656386798407,17.159243953738464
Kay of Goteborg,Custom S&S 52,2190,117.0,614.0,57.5,19.53,50.81,16.85,110.0,YAWL,17.75,8.9,,,,,62600.0,19000.0,,,,,,10.01958796319667
Lohengrin,Swan 371,49099,117.0,642.0,46.75,15.0,41.0,12.0,120.0,MS,46.8,15.0,36.83,29.75,11.33,5.5,15432.0,5732.0,43.2,49.0,24.8,25.5,261.6455098387071,15.372548533717051
Finistere,Sabre 38-2,69545,117.0,618.0,49.75,14.5,42.67,14.83,125.0,MS,49.75,14.5,38.67,31.42,12.33,6.5,16900.0,6600.0,,,,,243.23168262143662,16.419697660003422
Aegea,Sabre 38-2,164,117.0,623.0,49.75,14.5,43.5,15.06,120.0,MS,49.75,14.5,38.67,31.42,12.33,6.5,16900.0,6600.0,,,,,243.23168262143662,16.690259844955936
Tramp Boat,Farr 10/20 ODR,18430,117.0,615.0,37.75,11.67,39.5,15.42,150.0,FS,39.67,12.67,33.92,28.42,10.5,5.75,8176.0,3100.0,,,,,159.00861093088284,20.656871483128548
Siren,Santa Cruz 33,57663,117.0,599.0,41.0,13.583,35.42,15.0,125.0,MS,41.0,,33.0,28.0,10.06,6.0,7000.0,3000.0,38.5,44.41,24.51,24.0,142.3560495626822,23.75316979040507
Praxis,J 9,15,117.0,620.0,33.5,10.0,34.0,13.36,104.0,FS,35.0,12.43,28.0,25.4,8.6,4.9,4250.0,1950.0,,,,,115.78165732259474,24.030661091075686
Sweet Jane,J 9,3,117.0,612.0,33.5,10.0,34.0,13.36,104.0,FS,35.0,12.4,28.0,25.4,8.55,4.9,4250.0,2000.0,33.54,40.0,21.9,22.0,115.78165732259474,24.030661091075686
Elan,Beneteau 37,46,117.0,604.0,45.83,15.0,43.5,12.83,105.0,FS,48.0,,37.8,34.08,12.83,6.25,14359.0,3901.0,39.17,45.94,25.6,26.6,161.9486823654037,16.83655052771213
E-Ticket,Moorings 38 SD,119,117.0,610.0,47.5,13.9,41.7,15.0,155.0,MS,47.5,13.9,38.4,31.33,12.5,4.8,13700.0,5400.0,,,,,198.88011580322444,17.933124422244695
Chomp!,Etchells 22 ODR,905,120.0,646.0,26.66,8.22,32.49,11.57,90.0,FS,26.66,4.5,30.5,22.0,,,3337.0,2105.0,,,,,139.9072260384244,21.289732318211605
Allora,Morris 36,38082,120.0,648.0,38.66,12.75,41.25,15.08,95.0,FS,44.3,,36.1,25.0,10.1,5.3,8900.0,3850.0,34.3,39.2,23.1,21.4,254.28571428571428,20.73529159719888
Malaya,Custom Wylie 45,61721,120.0,590.0,54.75,17.25,49.0,17.75,0.0,CTR,,6.5,45.25,36.0,,,24500.0,10000.0,,,,,234.4285836762689,17.17119178894471
Iolani,Hughes 48,38048,120.0,600.0,54.3,18.2,48.2,19.0,135.0,YAWL,,20.2,48.0,35.1,,6.0,32000.0,14300.0,,,,,330.3547917633841,15.081260479377434
Bella,Alerion Express Sport 33,45,120.0,648.0,33.73,11.39,38.17,16.0,100.0,FS,37.89,12.96,33.0,26.3,9.3,5.0,8000.0,3300.0,31.7,34.1,20.8,21.2,196.3246008648224,19.86609501023209
Love Handles,Catalina 38,296,120.0,645.0,49.83,15.5,44.0,11.5,125.0,MS,49.8,15.5,38.17,30.25,11.83,6.75,17200.0,6850.0,41.8,48.3,23.0,26.5,277.3986170549992,15.31967121035531
La Dolce Vita,J 32,64,120.0,641.0,39.2,11.0,38.5,15.5,155.0,FS,40.5,13.0,32.4,29.0,11.0,6.0,10000.0,3840.0,39.5,43.0,19.7,19.7,183.04504958324307,17.687401644142202
Alegria,Morgan 36 4/6,4205,120.0,631.0,47.5,13.58,41.83,12.58,95.0,MS,47.5,6.6,36.0,29.4,,,11900.0,5000.0,,,,,209.05326358411384,17.94567352340239
Harp,Catalina 38,18003,120.0,631.0,50.7,15.43,44.0,11.5,125.0,MS,50.9,15.43,38.17,30.25,11.83,6.79,19489.0,6850.0,,,,,314.31521208051623,14.204297419699985
Aerie,CS 36,2160,123.0,641.0,49.0,15.0,42.75,12.75,155.0,MS,49.0,,36.5,29.25,11.5,6.25,15500.0,6500.0,,,,,276.5069607059526,16.442656313917862
L2O,J 29 7/8 OB,18721,123.0,652.0,35.0,11.5,,13.0,150.0,FS,,,29.5,25.0,11.0,5.6,6000.0,2100.0,,,,,171.42857142857142,
Arcadia,Custom Nash 28.5,3113,123.0,596.0,33.0,10.0,32.5,13.0,120.0,FS,34.0,11.0,28.5,25.5,9.0,6.5,4327.0,1200.0,,,,,116.49796404528746,22.63924253711294
Flying Green Dragon,Tartan 3500,56636,123.0,,47.0,13.75,41.4,14.4,100.0,MS,,,35.17,30.0,11.75,6.5,12500.0,4200.0,,,,,206.67989417989423,18.421203770099197
Sapphire,Alerion Express 33,0,123.0,657.0,33.73,11.39,37.7,15.77,81.0,FS,37.89,12.96,33.0,26.3,9.25,5.0,8700.0,3300.0,30.1,36.0,18.7,20.0,213.50300344049438,18.479421568889755
Koamalu,Beneteau Oceanis 42 CC,166,123.0,603.0,47.14,14.33,41.14,18.99,140.0,MS,47.14,14.33,40.91,36.97,12.82,5.9,19845.0,5556.0,42.81,48.23,22.96,23.65,175.3293945873786,15.86895030525425
Double Down,Custom Schumacher 30,18480,123.0,654.0,41.37,12.16,35.5,12.0,150.0,MS,41.5,,29.92,26.0,10.65,6.17,7854.0,3650.0,,,,,199.49078288575328,18.780614879326645
Nancy,,28890,123.0,643.0,,,39.66,19.75,30.5,25,,5.25,,,,,5500.0,3050.0,,,,,,
Aries,Catalina 380,348,123.0,619.0,50.92,14.67,44.83,15.67,110.0,MS,50.92,15.67,,,,7.17,19000.0,6800.0,,,,,,16.254603175757545
Leilani,Alerion Express 33,42,123.0,,33.73,11.39,38.2,15.88,90.0,FS,,5.0,,,,,8700.0,3300.0,,,,,,18.707640269111455
Salient,Cal 39-2/3,30,123.0,621.0,50.0,17.0,,,100.0,MS,,,,32.08,,,19000.0,7000.0,,,,,256.9227156277246,
JouJou,Capo 30,87324,123.0,658.0,41.7,12.75,36.0,11.5,120.0,MS,41.5,5.43,,25.0,,,7200.0,3000.0,,,,,205.71428571428572,20.257842019939705
Dazzler,Wyliecat 30 OB,38349,123.0,647.0,0.0,,,,,25,,,,,,,5500.0,3050.0,,,,,,
Blue Martini,Olson 911S,41279,126.0,652.0,41.5,12.33,35.5,11.83,155.0,MS,41.5,5.42,,25.0,,,7200.0,3200.0,,,,,205.71428571428572,19.957618734022816
Crinan II,,15,126.0,647.0,,,39.0,20.0,30.5,25,,5.25,,,,,5500.0,3050.0,,,,,,
Iniscaw,Martin 32,49143,126.0,631.0,42.5,13.67,37.5,12.0,145.0,MS,42.5,13.67,32.7,27.0,9.6,6.1,8400.0,4000.0,,,,,190.5197378448407,19.927182462974947
Osprey,Sabre 36,38128,126.0,644.0,47.1,14.4,41.6,13.0,125.0,MS,47.1,14.4,36.0,29.38,11.25,6.33,13200.0,5400.0,41.67,46.0,17.5,23.0,232.36490664180815,17.42959079746125
Polecat,,5,126.0,614.0,40.0,20.0,,,,12,,,30.5,25.0,9.416,5.25,5500.0,,,,,,157.14285714285714,
Uno,Wyliecat 30 IB,28632,126.0,651.0,35.8,5.5,39.66,19.75,,CAT,35.8,12.0,,,9.5,5.25,5800.0,3000.0,,,,,,24.254572669817453
Mr McGregor,Wylie Wabbit ODR W/Trap,8426,126.0,605.0,20.5,6.5,23.75,10.0,150.0,FS,20.5,,23.75,20.0,5.58,3.5,975.0,440.0,,,,,54.40848214285713,30.137493381689506
Lepus,Wylie Wabbit ODR W/Trap,18,126.0,594.0,20.5,6.5,23.75,10.0,150.0,FS,20.5,,23.75,20.0,5.58,3.5,975.0,440.0,,,,,54.40848214285713,30.137493381689506
Heart of Gold,Olson 911S,41327,126.0,658.0,41.5,12.33,35.5,11.83,125.0,MS,41.5,5.5,29.9,25.0,,,7200.0,3200.0,,,,,205.71428571428572,19.957618734022816
Bad Hare Day,Wylie Wabbit ODR W/Trap,35,126.0,594.0,20.75,6.5,23.75,10.0,150.0,FS,20.5,,23.75,20.0,5.583,3.5,975.0,440.0,,,,,54.40848214285713,30.26958623872321
Covfefe,Wylie Wabbit ODR W/Trap,60,126.0,594.0,20.5,6.5,23.75,10.0,150.0,FS,20.5,,23.75,20.0,5.58,3.5,975.0,440.0,,,,,54.40848214285713,30.137493381689506
Stratocaster,J 32,16,126.0,636.0,39.2,11.0,38.5,15.5,155.0,FS,40.68,,32.5,28.67,11.0,5.75,10000.0,3840.0,38.38,44.92,23.95,23.95,189.43878639628986,17.687401644142202
Wasta,Wylie Wabbit,15,126.0,594.0,20.5,6.5,23.75,10.0,150.0,FS,20.5,,23.75,20.0,5.58,3.5,975.0,440.0,,,,,54.40848214285713,30.137493381689506
Kwazy,Wylie Wabbit ODR W/Trap,26,126.0,595.0,20.416,6.416,23.0,10.0,150.0,FS,20.5,,23.58,20.0,5.42,3.41,975.0,440.0,,,,,54.40848214285713,29.344046624578134
Sirocco,Soverel 30 MH,67572,129.0,653.0,42.0,12.29,37.0,10.0,125.0,MS,,,29.75,25.42,11.0,5.3,7300.0,2960.0,,,,,198.40298556887123,18.80951699680827
Wile E Coyote,Express 27 ODR,11,129.0,605.0,28.5,9.0,28.5,10.416,155.0,FS,28.5,,27.25,23.75,8.17,4.5,2450.0,1100.0,,,,,81.6445545997959,24.32892345742526
El Raton,Express 27 ODR,28050,129.0,605.0,28.5,9.0,28.5,10.416,155.0,FS,28.5,,27.25,23.75,8.17,4.5,2450.0,1100.0,,,,,81.6445545997959,24.32892345742526
QE 3,Tartan 10,8049,129.0,628.0,35.0,12.0,40.25,13.75,125.0,FS,35.0,0.0,33.16,27.0,9.25,5.83,6700.0,3340.0,,,,,151.96217185243245,21.878030641722503
Hang 20,Express 27 ODR,48,129.0,631.0,28.5,9.0,28.5,10.42,125.0,FS,28.5,,27.25,23.8,8.17,4.5,2450.0,1100.0,27.17,30.35,17.0,17.39,81.13106834429271,24.33393559658007
Yeti,Express 27,38,129.0,633.0,28.5,9.0,28.5,10.4,155.0,FS,28.5,,27.25,23.75,8.16,4.5,2450.0,1100.0,26.51,30.5,16.4,17.77,81.6445545997959,24.308874900806043
Madonna Mia,Catalina 380,316,129.0,,50.92,14.67,44.83,15.67,110.0,MS,,,38.42,32.42,12.33,7.17,19000.0,6800.0,,,,,248.92387388253212,16.254603175757545
Magic Bus,Express 27 ODR,41,129.0,606.0,28.5,9.0,28.5,10.416,155.0,FS,28.5,,27.25,23.75,8.17,4.5,2450.0,1100.0,,,,,81.6445545997959,24.32892345742526
Hotate Maru,Tartan 37-2 CB,32830,129.0,647.0,17.0,16.0,41.5,12.0,110.0,MS,47.0,17.0,37.25,28.5,11.75,7.75,16000.0,7500.0,41.0,46.83,28.75,28.66,308.55840740663615,9.683553219577847
Dianne,Express 27 ODR,0,129.0,605.0,28.5,9.0,28.5,10.416,155.0,FS,28.5,,27.25,23.75,8.17,4.5,2450.0,1100.0,,,,,81.6445545997959,24.32892345742526
Domino,Wilderness 30 MOD,38081,129.0,609.0,36.0,12.25,31.5,10.83,100.0,MS,36.0,12.25,30.0,27.75,8.8,5.5,5450.0,2150.0,,,,,113.85694365971939,20.174503401900342
Simply Irresistible,Express 27 ODR,18070,129.0,606.0,28.5,9.0,28.5,10.416,155.0,FS,28.5,,27.25,23.75,8.17,4.5,2450.0,1100.0,,,,,81.6445545997959,24.32892345742526
Current Affair,Express 27 ODR,56,129.0,605.0,28.5,9.0,28.5,10.42,155.0,FS,28.5,4.5,27.25,23.75,,,2450.0,1100.0,,,,,81.6445545997959,24.33393559658007
Light'n Up,Express 27 ODR,3,129.0,605.0,28.5,9.0,28.5,10.416,150.0,FS,28.5,,27.25,23.75,8.17,4.5,2450.0,1100.0,,,,,81.6445545997959,24.32892345742526
Salty Hotel,Express 27 ODR,60,129.0,605.0,28.5,9.0,28.5,10.416,155.0,FS,28.5,,27.25,23.75,8.17,4.5,2450.0,1100.0,27.17,30.35,17.0,17.39,81.6445545997959,24.32892345742526
Nesher,Express 27 ODR,70,129.0,606.0,28.5,9.0,28.5,10.42,155.0,FS,28.5,4.5,27.25,23.75,,,2450.0,1100.0,,,,,81.6445545997959,24.33393559658007
Peaches,Express 27 ODR,18364,129.0,605.0,28.5,9.0,28.5,10.416,155.0,FS,28.5,,27.25,23.75,8.166,4.5,2450.0,1100.0,,,,,81.6445545997959,24.32892345742526
Bluette,Express 27 ODR,9,129.0,605.0,28.5,9.0,28.5,10.42,155.0,FS,28.5,4.5,27.25,23.75,,,2450.0,1100.0,,,,,81.6445545997959,24.33393559658007
Abigail Morgan,Express 27 ODR,18394,129.0,606.0,28.5,9.0,28.5,10.416,150.0,FS,28.5,,27.25,23.75,8.166,4.5,2450.0,1100.0,,,,,81.6445545997959,24.32892345742526
Motorcycle Irene,Express 27,28137,129.0,617.0,28.5,9.0,28.5,10.416,155.0,FS,28.5,,27.25,23.75,8.17,4.5,2450.0,1100.0,27.17,30.35,17.9,17.39,81.6445545997959,24.32892345742526
High Five,Express 27 ODR,28031,129.0,605.0,28.5,9.0,28.5,10.416,155.0,FS,28.5,,27.25,23.75,8.17,4.5,2450.0,1100.0,,,,,81.6445545997959,24.32892345742526
The Pork Chop Express,Express 27 ODR,18360,129.0,632.0,28.5,9.0,28.5,10.4,130.0,MS,32.5,,27.25,23.75,8.17,4.5,2450.0,1100.0,,,,,81.6445545997959,24.308874900806043
Under The Radar,Express 27 ODR,40316,129.0,605.0,28.5,9.0,28.5,10.42,155.0,FS,28.5,,27.25,23.75,8.17,4.5,2450.0,1100.0,,,,,81.6445545997959,24.33393559658007
Bombora,Express 27 ODR,38047,129.0,631.0,28.5,9.0,28.5,10.42,155.0,FS,28.5,,27.25,23.8,8.17,4.5,2450.0,1100.0,,,,,81.13106834429271,24.33393559658007
Akumu,B-25,44,129.0,597.0,28.0,8.5,28.0,11.0,155.0,MS,32.0,10.83,25.0,21.25,8.33,5.0,2000.0,800.0,28.75,33.58,18.66,19.5,93.04759966270247,27.485122857088577
New Wave,Express 27 ODR,18433,129.0,605.0,28.5,9.0,28.5,10.416,155.0,FS,28.5,9.8,27.25,23.75,8.17,4.5,2450.0,1100.0,27.1,31.8,17.1,18.5,81.6445545997959,24.32892345742526
Tule Fog,Express 27 ODR,18178,129.0,605.0,29.0,9.0,29.0,10.0,155.0,FS,28.5,,27.3,23.8,8.166,4.5,2450.0,1100.0,,,,,81.13106834429271,24.22533924822595
Boudicca,Elan 310,310,129.0,632.0,40.19,11.74,39.53,13.55,106.0,FS,42.55,14.87,30.3,28.58,10.5,6.23,10141.0,2292.0,42.02,46.59,24.18,25.91,193.93048831904488,17.173739941801202
TAZ!!,Express 27 ODR,8100,129.0,612.0,28.5,9.0,28.5,10.42,155.0,FS,28.5,4.5,27.3,23.8,,,2450.0,1100.0,,,,,81.13106834429271,24.33393559658007
Moonlight,Express 27 ODR,28059,129.0,604.0,28.5,9.0,28.5,10.416,155.0,FS,28.5,,27.25,23.75,8.17,4.5,2450.0,1100.0,,,,,81.6445545997959,24.32892345742526
Iseult,Wyliecat 30 IB,13,129.0,648.0,,,39.75,20.8,0.0,CAT,,9.25,30.5,25.0,,,5500.0,3050.0,,,,,157.14285714285714,
Mirage,Express 27 ODR,8477,129.0,606.0,28.5,9.0,28.5,10.416,155.0,FS,28.5,,27.25,23.75,8.17,4.5,2450.0,1100.0,,,,,81.6445545997959,24.32892345742526
T Squared,Express 27 ODR,8444,129.0,605.0,28.5,9.0,28.5,10.416,155.0,FS,28.5,,27.25,23.75,8.166,4.5,2450.0,1100.0,,,,,81.6445545997959,24.32892345742526
Kira,Cal 33-2,28999,132.0,660.0,46.0,13.25,40.5,12.75,125.0,MS,46.0,13.25,,,11.33,6.12,10800.0,4475.0,39.5,43.6,19.68,21.86,,18.402997953510944
Amaranth,Beneteau 345,38118,132.0,655.0,44.22,12.9,38.7,12.1,120.0,MS,44.22,12.9,34.5,29.17,11.42,6.3,10141.0,4600.0,21.04,21.92,18.0,23.83,182.39943008261716,17.706374331568846
The Floating Bear,Ericson 350 SD,503,132.0,,46.0,15.0,39.0,12.83,130.0,MS,46.0,15.0,34.8,29.0,11.3,4.92,13000.0,5200.0,,,,,237.95856445821602,17.193876546304683
Madame Blue,Pretorian 35,83368,132.0,,48.75,14.75,42.5,12.0,135.0,MS,,,35.43,30.33,11.81,6.0,13000.0,6613.0,,,,,208.0070731095227,17.75275661575191
Toucan,,0,135.0,618.0,42.75,16.5,,,,,,,43.2,37.58,13.84,4.83,20216.0,9000.0,,,,,170.05009672005588,
Plus Sixteen,Ericson 911S Olson,97707,135.0,670.0,41.5,12.25,35.761,11.811,125.0,MS,41.5,12.33,30.0,25.0,10.33,5.42,8500.0,3200.0,35.761,41.995,21.702,20.932,242.85714285714286,17.848503757031988
NAOS Swing,Beneteau Oceanis 34.1 SK,0,135.0,616.0,42.1,12.0,41.6,13.8,106.0,FS,,,35.4,32.2,11.9,8.4,12046.0,3319.0,40.1,44.9,25.0,26.08,161.07466078334323,16.402271239552306
Take Five More,Ericson 911S Olson,38132,135.0,671.0,41.5,12.33,35.5,11.92,95.0,MS,41.5,12.33,29.92,25.0,10.33,5.4,8100.0,3200.0,,,,,231.42857142857142,18.51299971974921
Stink Eye,Laser 28,133,135.0,648.0,31.73,9.65,33.14,12.3,110.0,MS,33.2,,28.42,23.62,9.48,5.0,4050.0,1500.0,32.0,37.0,17.0,19.0,137.2041744580667,22.444303307408855
Miss Mayhem,J 30 OSP,289,135.0,661.0,34.19,11.5,,13.0,155.0,FS,,,29.83,25.0,11.25,5.25,6700.0,2100.0,,,,,191.42857142857142,
Dancer,Tiffany Jayne 34,18216,135.0,655.0,34.75,11.416,36.583,14.166,95.0,FS,34.75,,34.0,25.0,8.0,5.5,7000.0,3010.0,,,,,200.0,19.971221957667193
Bee Zee,Catalina 36 TM,52436,138.0,,46.75,14.33,41.0,13.0,135.0,MS,46.75,14.33,36.33,30.25,11.916,5.833,13500.0,6000.0,,,,,217.72565873502845,16.943334182782504
Sonata,Laser 28,33685,138.0,644.0,31.1,9.65,33.14,12.96,125.0,FS,31.73,,28.41,23.62,9.48,4.98,4550.0,1500.0,,,,,154.1429614281984,21.227012030626266
Rubicon III,Contessa 33 TM,63163,138.0,655.0,39.5,11.6,41.5,14.7,155.0,FS,39.5,12.6,32.7,25.5,11.1,5.7,8289.0,3700.0,37.5,41.5,15.25,20.3,223.16885231601287,20.83166684218318
Free,S&S 30,3002,138.0,631.0,43.7,9.5,40.0,14.0,155.0,FS,43.58,9.5,30.5,27.5,8.25,5.5,6500.0,2400.0,37.5,43.2,15.8,16.7,139.52989159600727,22.364040146115308
Spirit,Open 5.7 ODR,317,138.0,602.0,21.52,7.3,25.33,10.24,117.0,FS,27.9,12.3,18.7,18.7,8.3,5.7,992.0,405.0,20.6,25.8,17.5,17.5,67.72341260198571,33.46631596825848
Starbuck,Custom Black Soo 30,8666,138.0,585.0,30.0,13.0,25.0,11.73,125.0,MS,30.0,13.0,31.0,27.5,6.8,6.4,4500.0,1800.0,,41.8,,,96.59761725877426,20.025295834791297
Naos Fixed,Beneteau Oceanis 34.1,0,138.0,616.0,42.1,12.0,41.6,13.8,106.0,FS,,,35.4,32.2,11.9,6.7,12046.0,3482.0,40.1,44.9,25.0,26.08,161.07466078334323,16.402271239552306
Zara,Beneteau 310,144,138.0,647.0,37.04,10.83,37.8,12.9,125.0,FS,37.04,10.82,31.2,27.7,10.5,5.9,7054.0,2160.0,,,,,148.16585442596173,19.300637866990975
Syncopation,Sabre 36 CB,35,138.0,640.0,47.83,14.33,41.5,13.0,125.0,MS,,14.43,36.0,29.33,11.25,7.67,13200.0,5400.0,44.16,48.67,22.19,24.66,233.5552983224884,17.513431670178498
Vera Cruz,Jeanneau Sun Odyssey 349,38133,138.0,652.0,43.71,12.37,40.19,13.42,112.0,FS,44.8,14.88,32.75,30.83,11.25,6.5,11738.0,3483.0,42.27,46.45,23.3,26.78,178.82387958349173,16.699890528989858
Hummingbird,Open 5.7 ODR,296,138.0,606.0,21.52,7.3,25.3,10.24,117.0,FS,27.9,12.3,18.7,18.7,8.3,5.7,992.0,405.0,20.6,25.8,17.5,17.5,67.72341260198571,33.44163057939151
Moonshine,Custom DP 26,8398,138.0,607.0,27.0,9.0,27.25,11.0,155.0,MS,31.0,,26.0,24.0,8.25,4.83,2600.0,800.0,,33.8,,,83.96370701058203,22.935312189579633
Wimm,Jeanneau Sun Odyssey 349,38105,141.0,641.0,43.6,12.37,40.68,13.62,112.0,MS,,,33.92,30.84,11.29,6.86,11770.0,3483.0,37.43,42.32,15.0,19.83,179.13701631147757,16.87565638031607
Quantum,Cooper 416,0,141.0,,51.75,17.5,,12.0,100.0,CTR,,,41.5,32.5,14.0,6.58,24000.0,10500.0,,,,,312.11392158137716,
Kurzweile,Santa Cruz 27,18734,141.0,618.0,32.58,10.75,28.25,8.58,152.0,MS,32.53,,27.0,24.0,8.0,4.5,3200.0,1600.0,,,,,103.3399470899471,21.803856525039826
Furthur,Santa Cruz 27,116,141.0,615.0,32.7,10.9,28.25,8.7,150.0,MS,32.7,10.9,27.0,24.0,8.0,4.5,3300.0,1600.0,,,,,106.56932043650797,21.706390220246586
Ohana,Catalina 36-2,2191,141.0,,44.75,14.33,39.0,12.0,155.0,MS,44.9,14.33,36.0,30.2,11.9,5.83,13500.0,6000.0,,,,,218.8088689864347,15.624125269893396
Geodesic,J 30,8994,141.0,660.0,34.19,11.5,38.0,13.0,125.0,FS,37.69,,29.83,25.0,11.2,5.25,7000.0,2100.0,,,,,200.0,19.365372031229946
Quila,Santa Cruz 27,18723,141.0,618.0,32.583,10.75,28.25,8.583,155.0,MS,32.583,4.5,27.0,24.0,,,3000.0,1500.0,,,,,96.8812003968254,22.767440371745543
Solana,Santa Cruz 27,21102,141.0,618.0,32.58,10.75,28.25,8.58,150.0,MS,32.58,,27.0,24.0,8.0,4.5,3000.0,1500.0,,,,,96.8812003968254,22.762946320381285
Medusa,Santa Cruz 27,1450,141.0,618.0,32.583,10.75,28.25,8.583,155.0,MS,32.583,4.5,27.0,24.0,,,3000.0,1500.0,,,,,96.8812003968254,22.767440371745543
MyEm,Hanse 341/342,60128,141.0,642.0,46.0,12.2,42.0,15.0,125.0,FS,,,34.0,29.2,11.2,5.9,11353.0,3395.0,,,,,203.57013524748646,18.832931912300577
Cookie Monster,Santa Cruz 27,7090,141.0,617.0,32.58,10.75,28.25,8.58,155.0,MS,,4.5,27.0,24.0,,,3000.0,1500.0,,,,,96.8812003968254,22.762946320381285
Jack,Wylie Wabbit,19,144.0,596.0,20.5,6.6,,10.0,110.0,FS,,,23.75,20.0,5.58,3.5,975.0,440.0,,,,,54.40848214285713,
Psycho Tiller,Jeanneau Sun Fast 32i,23,144.0,674.0,39.2,11.1,36.7,12.2,110.0,FS,38.1,10.6,31.5,27.11,10.9,6.6,9680.0,2491.0,,,,,216.88962917905354,15.524049691331312
Mayan,Alden Schooner,1947,144.0,559.0,43.0,25.33,52.0,24.85,86.0,Schooner,43.0,25.33,58.9,45.5,16.45,9.0,64000.0,10000.0,42.5,49.0,38.1,46.6,303.3177080479856,11.879564774931948
Breakaway,Ultimate 20 CM,180,144.0,631.0,26.08,6.97,27.33,10.17,114.0,FS,27.58,12.79,20.83,18.0,8.33,5.0,1350.0,450.0,28.417,30.42,17.7,19.167,103.33994708994709,30.078509860455096
Peabody,Ultimate 20,22,144.0,622.0,25.08,6.97,27.5,10.25,110.0,FS,27.58,12.79,20.94,18.0,8.33,5.03,1350.0,450.0,28.4,31.3,17.7,19.2,103.33994708994709,29.87953870378723
Ad Lib,Aphrodite 101,8161,144.0,650.0,36.83,11.81,39.33,11.48,100.0,FS,32.23,,32.75,26.33,7.92,5.42,6160.0,3527.0,,,,,150.6538090137231,21.072016498934946
Windwalker,Islander 36 ODR,57307,144.0,655.0,45.0,14.48,39.25,12.75,150.0,MS,45.0,,36.08,28.25,11.17,6.08,13450.0,5820.0,,,,,266.32927664671445,16.266754016368896
Sorcerer's Apprentice,Santa Cruz 27,18720,144.0,618.0,32.58,10.75,28.25,8.58,100.0,MS,32.58,10.75,27.0,24.08,8.0,4.5,3000.0,1500.0,,,,,95.91881143620029,22.762946320381285
U Betcha,Ultimate 20,172,144.0,623.0,22.8,7.0,27.5,10.33,100.0,FS,27.58,13.0,20.83,18.0,8.166,5.0,1350.0,450.0,28.4,31.3,17.6,19.2,103.33994708994709,29.028485723788904
Luna Sea,Islander 36 ODR,420,144.0,660.0,45.0,14.48,39.25,12.75,135.0,MS,45.0,,36.08,28.25,11.17,6.08,18000.0,5450.0,,,,,356.42579774281495,13.393432772958668
Pelagic,Beneteau 310 SD,0,144.0,620.0,37.04,10.83,36.8,12.25,100.0,FS,37.1,,31.0,28.66,10.6,4.25,7054.0,2400.0,,,,,133.7700467397295,18.501044132391467
Crews Nest,Catalina 34 1&2,1383,147.0,639.0,44.0,13.5,38.5,12.0,130.0,MS,44.0,13.5,35.67,29.83,11.75,5.58,11950.0,5000.0,,,,,200.98337132187646,16.134353661696434
Mottley,Catalina 34,8,147.0,,44.0,13.5,,,130.0,MS,,,34.5,29.833,11.75,5.583,11950.0,5000.0,,,,,200.92274488637233,
Osprey,Jeanneau Sun Odyssey 349,61302,147.0,,43.6,12.67,40.68,13.62,109.0,FS,,6.5,32.75,30.84,,,11795.0,3483.0,,,,,179.51751124841783,17.053384094898416
Kapai,Islander 36 ODR,438,147.0,669.0,45.0,14.48,39.25,12.75,125.0,MS,45.0,6.0,36.08,28.25,,,13450.0,5500.0,,,,,266.32927664671445,16.266754016368896
Maybe Baby,Hunter 34 IK,518,147.0,646.0,47.42,13.75,41.0,11.75,110.0,MS,46.0,5.5,34.42,28.25,,,11820.0,5000.0,,,,,234.0529405177818,17.449503192048905
Warwhoop,Contessa 33,63336,147.0,662.0,37.916,11.17,39.416,13.86,100.0,FS,37.93,,33.0,25.52,11.08,5.8,8375.0,3700.0,,,,,224.95455282970696,18.782597873505257
Therapy,Catalina 34 1&2,749,150.0,641.0,44.0,13.5,38.5,12.0,100.0,MS,44.0,13.5,34.5,29.83,11.75,5.58,11950.0,5000.0,,,,,200.98337132187646,16.134353661696434
WooHoo,Moore 24,80,150.0,629.0,26.25,9.8,25.0,9.5,150.0,FS,26.25,,23.75,21.75,7.16,4.083,2050.0,1025.0,,,,,88.9463352048944,24.49841710272093
Suerte,Moore 24,117,150.0,629.0,26.25,9.75,25.0,9.5,150.0,FS,26.25,,23.75,21.75,7.16,4.08,2050.0,1025.0,,,,,88.9463352048944,24.43342635497495
Foamy,Moore 24,129,150.0,643.0,26.25,9.75,25.0,8.99,155.0,FS,26.25,,23.75,21.75,7.16,4.083,2050.0,1025.0,,,,,88.9463352048944,23.80208766258548
Wet Spot,Moore 24,51,150.0,630.0,26.25,9.75,25.0,9.5,150.0,FS,26.25,,23.75,21.75,7.16,4.08,2050.0,1025.0,,,,,88.9463352048944,24.43342635497495
Tortuga,Moore 24,154,150.0,632.0,26.25,9.75,25.0,9.5,150.0,FS,26.25,,24.0,21.75,7.16,4.083,2050.0,1000.0,,,,,88.9463352048944,24.43342635497495
Puffin,Moore 24,62,150.0,639.0,26.25,9.75,25.0,9.5,150.0,FS,26.25,,23.75,21.75,7.16,4.083,2050.0,1025.0,24.2,29.0,17.4,17.6,88.9463352048944,24.43342635497495
JR,Moore 24,76,150.0,629.0,26.25,9.75,25.0,9.5,155.0,FS,26.25,,23.75,21.75,7.16,4.08,2050.0,1025.0,,,,,88.9463352048944,24.43342635497495
Oxymoron,Moore 24,106,150.0,633.0,26.25,9.75,,9.5,150.0,FS,,,23.75,21.75,7.16,4.25,2050.0,1025.0,,,,,88.9463352048944,
Immoral,Moore 24,66,150.0,629.0,26.25,9.75,,9.5,150.0,FS,,,23.75,21.75,7.16,4.083,2050.0,1025.0,,,,,88.9463352048944,
Itinerant,Hunter 34,1025,150.0,647.0,47.42,13.75,41.0,11.75,125.0,MS,,5.5,34.42,28.25,,,11820.0,5366.0,,,,,234.0529405177818,17.449503192048905
Orca,Moore 24,85,150.0,631.0,26.25,9.75,,9.5,150.0,FS,,,23.75,21.75,7.16,4.083,2050.0,1025.0,,,,,88.9463352048944,
Fatuity,Moore 24,48,150.0,629.0,26.25,9.75,,9.5,150.0,FS,,,23.75,21.75,7.16,4.083,2050.0,1025.0,,,,,88.9463352048944,
Mooretician,Moore 24,89,150.0,630.0,26.25,9.75,,9.5,150.0,FS,,,23.75,21.75,7.16,4.08,2050.0,1025.0,,,,,88.9463352048944,
Moorigami,Moore 24,77,150.0,629.0,26.25,9.75,25.0,9.5,155.0,FS,26.25,,23.75,21.75,7.16,4.083,2050.0,1025.0,24.4,28.2,17.3,18.0,88.9463352048944,24.43342635497495
Topper II,Moore 24,71,150.0,629.0,26.25,9.75,,9.5,150.0,FS,,,23.75,21.75,7.16,4.083,2050.0,1025.0,,,,,88.9463352048944,
Nobody'S Girl,Moore 24,84,150.0,634.0,26.25,9.75,25.0,9.5,149.0,FS,26.25,,23.75,21.75,7.16,4.083,2130.0,1000.0,,,,,92.41741170069515,23.81743579613076
Touch Of Grey,Moore 24,118,150.0,630.0,26.25,9.75,25.0,9.5,150.0,FS,26.25,,23.75,21.75,7.16,4.083,2050.0,1025.0,,,,,88.9463352048944,24.43342635497495
Gruntled,Moore 24,68,150.0,629.0,26.25,9.75,25.0,9.5,150.0,FS,26.25,,23.75,21.75,7.16,4.083,2050.0,1025.0,,,,,88.9463352048944,24.43342635497495
Flying Circus,Moore 24,11,150.0,633.0,26.25,9.75,25.0,9.5,150.0,FS,26.25,,23.75,21.75,7.16,4.083,2050.0,1025.0,,,,,88.9463352048944,24.43342635497495
Painkiller,Moore 24,33,150.0,629.0,26.25,9.75,25.0,9.5,150.0,FS,26.25,,23.75,21.75,7.16,4.083,2050.0,1025.0,,,,,88.9463352048944,24.43342635497495
Firefly,Moore 24,64,150.0,629.0,26.25,9.75,25.0,9.5,150.0,FS,26.25,,23.75,21.75,7.16,4.083,2050.0,1025.0,,,,,88.9463352048944,24.43342635497495
Flying Colors,Moore 24,30,150.0,629.0,26.25,9.75,25.0,9.5,150.0,FS,26.25,,23.75,21.75,7.16,4.083,2050.0,1025.0,,,,,88.9463352048944,24.43342635497495
The Flying Tiger,Moore 24,155,150.0,630.0,26.25,9.75,25.0,9.5,150.0,FS,26.2,,23.75,21.75,7.16,4.08,2050.0,1025.0,,,,,88.9463352048944,24.43342635497495
Grey Wulff,Beneteau Oceanis 30.1,238,150.0,637.0,36.74,12.7,35.46,10.73,105.0,FS,37.43,14.07,31.3,29.6,9.81,6.17,8807.0,2144.0,32.87,37.56,19.97,22.47,151.60197001270544,15.864199021862666
Safety Third,Moore 24,131,150.0,629.0,26.25,9.75,,9.5,150.0,FS,,,23.75,21.75,7.16,4.083,2050.0,1025.0,,,,,88.9463352048944,
53 Grandad,Catalina 34 1&2,1369,150.0,,44.0,13.5,38.5,12.0,130.0,MS,44.0,13.48,35.67,29.83,11.75,5.58,11950.0,5000.0,,,,,200.98337132187646,16.134353661696434
Sylbo,Catalina 36,1337,150.0,650.0,44.75,14.33,39.0,12.0,125.0,MS,44.75,,36.33,30.25,11.92,5.83,14100.0,6000.0,44.25,46.0,24.0,23.612,227.40235467880748,15.177463174000584
Music,Catalina 34 1&2,56583,150.0,641.0,44.0,13.5,38.5,12.0,120.0,MS,,,35.66,29.84,11.75,5.56,11950.0,5000.0,,,,,200.7813779989854,16.134353661696434
Snafu,Moore 24,121,150.0,639.0,26.25,9.75,,9.5,150.0,FS,,,23.75,21.75,7.16,4.08,2050.0,1000.0,,,,,88.9463352048944,
Enamored,Moore 24,19,150.0,630.0,26.25,9.75,25.0,9.5,150.0,FS,26.25,9.75,23.75,21.75,7.16,4.08,2050.0,1025.0,,,,,88.9463352048944,24.43342635497495
Pretty Penny,Custom Mull 30,8775,150.0,665.0,37.833,13.166,32.67,9.33,155.0,MS,,,30.92,26.17,9.5,5.17,8906.0,5300.0,,,,,221.8316474515749,14.925406652738946
Bluebird,Moore 24,137,150.0,629.0,26.25,9.75,,9.5,150.0,FS,,,23.75,21.75,7.16,4.08,2050.0,1025.0,,,,,88.9463352048944,
Andiamo,Catalina 36-2,2168,153.0,650.0,44.75,14.33,39.0,13.0,115.0,MS,,,36.0,30.25,11.9,5.8,14200.0,6000.0,37.0,43.0,24.0,29.0,229.015137336104,15.63719292078154
Ohana,Catalina 34 1&2,42,153.0,647.0,44.0,13.5,38.5,11.75,135.0,MS,44.0,13.5,34.5,29.83,11.75,5.58,11950.0,5000.0,,,,,200.98337132187646,15.98729575071743
Wreckless,Capo 26,77449,156.0,692.0,35.89,10.63,30.78,10.01,155.0,SL,,,25.9,21.76,9.38,4.56,4920.0,1964.0,,,,,213.1770319959596,19.04409007675426
Sailor Dog,Catalina 34 1&2,1798,156.0,652.0,44.0,13.5,38.5,12.0,110.0,MS,44.0,13.5,34.5,29.8,11.7,5.6,11950.0,5000.0,38.0,40.5,22.5,20.5,201.59097935652233,16.134353661696434
O'Mar,Olson 25,28258,159.0,657.0,32.0,9.583,,10.0,155.0,MS,,,25.0,21.25,9.0,4.5,2900.0,1300.0,,,,,134.9190195109186,
Sea Brisket,Olson 25,38984,159.0,,32.0,9.583,28.0,10.0,155.0,MS,32.0,9.58,25.0,21.25,9.0,4.5,2900.0,1300.0,,,,,134.9190195109186,23.049212886454896
Venture,C&C 33,543,159.0,653.0,43.0,14.0,37.25,10.75,85.0,MS,43.0,,32.75,26.42,10.5,5.5,9800.0,4075.0,36.0,40.2,24.2,24.2,237.23546722217466,17.482420388640932
Rapid Transit,Olson 25,35,159.0,673.0,32.0,9.583,28.0,10.0,155.0,MS,32.0,9.583,25.0,21.25,9.0,4.5,3300.0,1300.0,,,,,153.52853944345907,21.145928813359202
Synchronicity,Olson 25,68,159.0,674.0,32.0,9.583,28.0,10.0,155.0,MS,32.0,9.6,25.0,21.25,9.0,4.5,3300.0,1300.0,,,,,153.52853944345907,21.145928813359202
Sketch,Olson 25,76,159.0,673.0,32.0,9.583,28.0,10.0,155.0,MS,32.0,,25.0,21.25,9.0,4.5,3300.0,1300.0,,,,,153.52853944345907,21.145928813359202
Boogie Woogie,Ranger 33 MOD,8262,159.0,662.0,41.5,13.87,35.0,11.0,150.0,MS,41.5,,33.17,26.25,9.58,5.17,10500.0,4800.0,,,,,259.1512795594428,15.999397459175931
Citlali,Olson 25,18336,159.0,673.0,32.0,9.583,28.0,10.0,155.0,MS,32.0,,25.0,21.25,9.0,4.5,3300.0,1300.0,,,,,153.52853944345907,21.145928813359202
Nikkicai,Catalina 320,179,159.0,677.0,43.58,12.33,37.5,13.25,110.0,MS,,6.0,,,,,11300.0,4000.0,,,,,,16.40212606290552
Foul Air,Olson 25,104,159.0,659.0,32.0,9.6,28.0,10.0,155.0,MS,32.0,9.6,25.0,21.25,9.0,4.5,3000.0,1300.0,,,,,139.57139949405368,22.55476035119958
Alchemy,Olson 25,18252,159.0,673.0,32.0,9.583,28.0,10.0,155.0,MS,32.0,,25.0,21.25,9.0,4.5,3300.0,1300.0,,,,,153.52853944345907,21.145928813359202
Shack,Beneteau 305,28305,162.0,667.0,39.33,11.38,33.58,11.08,125.0,MS,39.33,,30.416,26.166,10.5,5.583,8500.0,2954.0,,,,,211.81606524959034,15.717871066029161
Finn,Capo 26 IB,18782,162.0,678.0,34.6,10.56,30.0,10.0,155.0,MS,,,26.0,22.0,9.25,4.58,4150.0,1900.0,,,,,173.99310400343458,20.583588847851615
Mister DJ,J 28,29,162.0,696.0,34.0,10.5,36.0,13.0,155.0,FS,34.0,,28.5,24.0,10.0,5.0,7900.0,3000.0,,,,,255.12049437830692,16.612260228313367
Sleepwalker,Hawkfarm 28 ODR,30178,165.0,675.0,33.0,11.0,36.0,10.5,125.0,FS,33.25,11.5,28.0,23.5,9.75,5.17,5700.0,2700.0,18.0,24.0,15.4,19.0,196.07546359807424,18.54990655616664
Constance,Tartan 34 CB,346,165.0,678.0,41.0,14.0,35.5,10.5,125.0,MS,41.0,,34.3,25.0,10.2,8.3,11200.0,5000.0,37.4,43.6,22.4,20.3,320.0,15.104242152468593
Horizon,Beneteau 305,305,165.0,669.0,39.04,11.29,33.79,11.16,95.0,MS,39.04,11.29,30.0,26.75,10.6,5.8,8242.0,2976.0,37.0,41.5,19.0,19.5,192.22648860955434,16.009442259697117
Old #6,J 24 ODR,6,168.0,694.0,26.25,9.5,28.0,9.75,150.0,FS,26.25,4.0,24.0,20.0,,,3100.0,950.0,,,,,172.9910714285714,19.630717864068295
Resilience,Alerion Express 28 ODR,136,168.0,696.0,30.0,9.75,33.0,12.5,90.0,FS,30.0,9.75,28.25,22.83,8.2,4.5,5700.0,2200.0,,,,,213.84992528933435,17.64869652104923
Sobrante,Alerion Express 28 ODR,,168.0,,30.0,9.75,33.0,12.5,90.0,FS,30.0,9.75,28.25,22.83,8.2,4.5,5700.0,2200.0,,,,,213.84992528933435,17.64869652104923
Frances,ALERION EXPRESS 28 ODR,,168.0,706.0,30.0,9.75,33.0,12.5,90.0,FS,30.0,9.75,28.2,22.8,8.2,4.5,5700.0,2200.0,,,,,214.6951809347931,17.64869652104923
Sweet De,Alerion Express 28,,168.0,703.0,30.0,9.75,33.0,12.5,90.0,FS,30.0,9.75,28.25,22.83,8.2,4.5,5700.0,2200.0,27.44,31.5,15.43,15.73,213.84992528933435,17.64869652104923
H2Osprey,ALERION EXPRESS 28 ODR,,168.0,706.0,30.0,9.75,33.0,12.5,90.0,FS,,,28.25,22.83,8.2,4.5,5700.0,2200.0,,,,,213.84992528933435,17.64869652104923
Bewitched,Merit 25,,168.0,695.0,28.75,9.66,28.0,9.75,155.0,FS,28.75,4.0,24.5,20.5,,,3000.0,1050.0,,,,,155.45749066736866,21.153730235719323
Last Dance,Alerion Express 28 ODR,,168.0,711.0,30.0,9.75,33.0,12.5,90.0,FS,30.0,9.75,28.25,22.83,8.2,4.5,5700.0,2200.0,24.7,29.5,10.5,13.5,213.84992528933435,17.64869652104923
Skipjack,Alerion Express 28 ODR,,168.0,705.0,30.0,9.75,33.0,12.5,90.0,FS,30.0,9.8,28.25,22.83,8.2,4.5,5640.0,2200.0,24.02,28.54,14.73,17.16,211.59887344418345,17.773706389465925
Diana,ALERION EXPRESS 28 ODR,,168.0,701.0,30.0,9.75,33.0,12.5,90.0,FS,,,28.2,22.8,8.2,4.5,5700.0,2200.0,,,,,214.6951809347931,17.64869652104923
Shut Up & Drive,J 24 ODR,,168.0,694.0,26.25,9.5,28.0,9.75,150.0,FS,26.25,4.0,24.0,20.0,,,3100.0,965.0,,,,,172.9910714285714,19.630717864068295
Flying Machine,ALERION EXPRESS 28 ODR,,168.0,707.0,30.0,9.8,33.0,13.0,90.0,FS,,,28.2,22.8,8.2,4.5,5700.0,2200.0,,,,,214.6951809347931,18.099301538607936
Zenaida,ALERION EXPRESS 28 ODR,,168.0,695.0,30.0,9.75,33.0,12.5,90.0,FS,,,28.25,22.83,8.2,4.5,5700.0,2200.0,,,,,213.84992528933435,17.64869652104923
Downtown Uproar,J 24 ODR,,168.0,695.0,26.25,9.5,28.0,9.75,150.0,FS,26.25,,24.0,20.0,9.2,4.1,3125.0,965.0,,,,,174.3861607142857,19.525828328901348
Flight,J 24 ODR,,168.0,695.0,26.25,9.5,28.0,9.75,150.0,FS,26.25,4.0,24.0,20.0,,,3100.0,965.0,,,,,172.9910714285714,19.630717864068295
Dream,ALERION EXPRESS 28 ODR,,168.0,706.0,30.0,9.75,33.0,12.5,90.0,FS,,,28.25,22.83,8.17,4.5,5700.0,2200.0,,,,,213.84992528933435,17.64869652104923
Chesapeake,Merit 25,,168.0,696.0,28.75,9.66,28.0,9.75,155.0,FS,28.75,4.0,24.5,20.5,,,3000.0,1050.0,,,,,155.45749066736866,21.153730235719323
Chance,Alerion Express 28 ODR,,168.0,705.0,30.0,9.75,33.0,12.5,90.0,FS,30.0,9.75,28.25,22.83,8.2,4.5,5700.0,2200.0,,,,,213.84992528933435,17.64869652104923
Phantom,J 24 ODR,8257,168.0,695.0,26.25,9.5,28.0,9.75,150.0,FS,26.25,4.0,24.0,20.0,,,3100.0,950.0,,,,,172.9910714285714,19.630717864068295
Anna Lu,Merit 25,529,168.0,696.0,28.75,9.66,28.0,9.75,150.0,FS,28.75,,24.5,20.5,8.0,3.98,3000.0,1050.0,,,,,155.45749066736866,21.153730235719323
Dream Catcher,J 24 ODR,481,168.0,694.0,26.25,9.5,28.0,9.75,150.0,FS,26.25,4.0,24.0,20.0,,,3100.0,950.0,,,,,172.9910714285714,19.630717864068295
Froglips,J 24 ODR,2392,168.0,694.0,26.25,9.5,28.0,9.75,150.0,FS,26.25,4.0,24.0,20.0,,,3100.0,965.0,,,,,172.9910714285714,19.630717864068295
Mistral,Alerion Express 28 ODR,135,168.0,,30.0,9.75,33.0,12.5,90.0,FS,30.0,9.75,28.25,22.83,8.2,4.5,5700.0,2200.0,,,,,213.84992528933435,17.64869652104923
ALLEGRO NON TROPPO,Alerion Express 28 ODR,188,168.0,695.0,30.0,9.75,33.0,12.5,90.0,FS,30.0,9.75,28.25,22.83,8.2,4.5,5700.0,2200.0,,,,,213.84992528933435,17.64869652104923
Eos,Cal 34-2,0,171.0,664.0,41.25,13.75,35.5,11.0,130.0,MS,41.25,13.75,33.25,26.0,10.0,5.0,9500.0,3750.0,,,,,241.29901163924833,17.051956700333736
Soleil de la Mer,Saffier SE 26,0,174.0,656.0,31.8,9.8,33.2,9.25,80.0,FS,,9.8,26.0,24.2,,3.4,4000.0,1900.0,,,,,125.99864510128963,19.616712436147534
Siento El Viento,C&C 29,38311,174.0,699.0,39.5,12.8,33.5,10.1,155.0,MS,,,29.5,23.6,10.5,5.25,7500.0,2700.0,,,,,254.72832282894407,17.593121493036595
Zeehond,Newport 30-2,707,174.0,677.0,39.5,12.125,34.0,10.25,150.0,MS,39.5,,30.0,25.0,10.5,4.75,8500.0,2600.0,,,,,242.85714285714286,15.86736540303033
Jacqueline,Freedom 30 SD,3,174.0,688.0,28.4,9.8,35.2,13.9,,CAT,,,30.0,25.42,10.8,4.5,7660.0,3150.0,,,,,208.1872423914457,15.777799167180588
BZ,Sonar 23,493,174.0,693.0,23.0,8.25,27.5,11.17,100.0,FS,,,23.0,19.92,7.8,3.92,2100.0,900.0,,,,,118.60507545253347,24.213781760600778
Neja,Dasher 32,7325,174.0,672.0,38.01,12.59,33.22,14.6,155.0,MS,38.01,,31.75,26.75,8.9,5.75,11323.0,3600.0,,,,,264.08402457243193,15.260808338351586
Gypsy Lady,CAL 34-1,7507,174.0,678.0,39.0,13.75,33.5,14.0,155.0,MS,39.0,13.75,33.3,26.0,10.0,5.0,10000.0,3750.0,,,,,253.9989596202614,17.29681453647935
Roja,Columbia 5.5 M ODR,1,177.0,632.0,29.125,8.25,34.0,11.416,95.0,FS,30.0,8.5,32.416,25.0,6.25,4.33,4500.0,2800.0,,,,,128.57142857142858,18.418443529166012
Mutual Fun,Newport 30-2,38911,177.0,,39.5,12.1,34.0,10.25,100.0,MS,39.5,,30.0,25.0,10.5,4.75,8500.0,2500.0,,,,,242.85714285714286,15.848428597125967
Red October,Columbia 5.5 M ODR,25,177.0,621.0,29.125,8.25,34.0,11.42,95.0,FS,,,32.42,25.0,6.25,4.33,4600.0,2800.0,,,,,131.42857142857142,18.154327972443006
Galaxsea,Custom Nauticat 43.5,28743,180.0,636.0,51.0,20.0,45.0,13.6,104.0,KTCH,20.6,,43.6,37.7,12.2,5.9,34000.0,11000.0,50.0,52.0,25.6,29.2,283.27408674693964,12.414114986119737
Lelo Too,Tartan 30,16354,180.0,692.0,39.0,13.0,34.0,11.416,155.0,MS,39.0,,29.92,24.25,10.0,4.916,8750.0,3700.0,,,,,273.9206703824919,16.837033679510956
Grey Goose,Bird NCPHRF,10,180.0,722.0,20.25,9.5,31.5,20.25,155.0,MS,20.25,,30.08,24.25,7.67,5.25,8900.0,5000.0,,,,,278.6164533033346,15.440373328825903
Strange Magic,Islander Bahama 30,179,180.0,678.0,40.0,12.75,33.75,11.5,150.0,MS,40.0,12.75,29.92,24.58,,,8230.0,3130.0,,,,,247.4036948016753,17.597749947786443
Hummingbird,Bird,22,180.0,722.0,20.25,9.5,32.0,20.5,155.0,MS,20.25,,30.083,24.25,7.666,5.25,8900.0,5000.0,,,,,278.6164533033346,15.777448627332339
Quicksilver,Catalina 30,28045,183.0,701.0,41.0,11.5,35.0,11.5,100.0,MS,,,,,10.83,5.25,10200.0,4200.0,36.9,41.0,18.98,18.98,,14.841136690219003
Antares,Islander 30-2,6237,186.0,684.0,38.5,12.58,32.5,11.58,155.0,MS,38.416,5.0,,24.58,,,8600.0,3600.0,,,,,258.5263396469511,16.376583020739822
Sweet Pea,Islander 30-2,195,186.0,684.0,38.5,12.58,32.5,11.58,155.0,MS,38.42,,30.0,24.58,10.0,5.0,8600.0,3500.0,31.68,35.0,22.64,17.69,258.5263396469511,16.376583020739822
Zephyr,Cape Dory 36 CUT,38138,189.0,,42.0,15.5,37.0,16.0,100.0,CTR,,,36.125,27.0,10.67,5.0,16100.0,6050.0,,,,,365.162830869278,15.567193234358797
Schocktail,Santana 525,77963,189.0,693.0,26.5,8.75,,10.0,150.0,FS,,,24.58,18.5,9.33,4.25,2400.0,950.0,,,,,169.2185768153628,
Ondina,Cal 29-2 IB,988,192.0,701.0,37.0,12.333,31.67,12.25,120.0,MS,,,29.0,24.166,9.25,4.75,8000.0,3350.0,,,,,253.06241906288986,16.858415581006135
Autumn,Cal 27-3,18357,192.0,689.0,33.0,11.0,28.1,11.0,135.0,MS,,,26.7,23.25,9.0,5.0,5200.0,2000.0,,,,,184.70831803717573,17.88758506933219
Zena,North Star 727 Farr,28824,192.0,714.0,24.4,7.8,25.7,10.9,155.0,FS,24.4,,23.1,19.7,8.3,4.6,2700.0,900.0,,,,,157.65838277048655,19.385896474080777
Some Assembly Required,Holder 20,183,192.0,655.0,22.6,7.25,24.04,9.33,155.0,FS,22.6,13.05,20.33,18.42,7.83,3.58,1160.0,335.0,,,,,82.85926819074317,28.09897967673056
Jam Jam,Yankee 30-1 SM,90,192.0,713.0,37.5,12.75,34.5,9.75,125.0,MS,37.5,,30.0,23.0,9.0,5.1,8900.0,4180.0,,,,,326.5566109734762,15.147466517709963
Allura,Holder 20,8994,195.0,655.0,22.6,7.25,24.25,9.33,110.0,FS,22.6,13.05,20.33,18.42,7.8,3.5,1160.0,335.0,,,,,82.85926819074317,28.240819932802598
Jeanette,Dufour Arpege 30,87944,198.0,708.0,37.0,10.5,31.0,11.8,125.0,MS,37.0,10.5,30.0,22.7,9.92,4.5,7700.0,3050.0,31.16,37.4,20.73,21.52,293.8766870338529,15.450653071803968
Fifty-Fifty,Knarr ODR,144,198.0,726.0,33.583,5.583,31.0,11.166,125.0,FS,33.583,,30.333,20.333,7.0,4.25,4360.0,2866.0,,,,,231.5442971666718,15.973601429872993
Obsession,Harbor 20,299,198.0,715.0,25.75,7.0,26.0,10.0,95.0,FS,26.38,8.16,20.0,17.2,7.0,3.5,1800.0,900.0,,,,,157.92073114856018,23.775225825889553
Impulse,Ranger 26-1,293,198.0,712.0,33.0,11.5,,10.0,125.0,MS,,,26.25,21.75,8.67,4.33,5860.0,2050.0,,,,,254.25635331740543,
Petit Bateau,Islander 28,0,204.0,,36.75,11.75,31.166,9.17,155.0,MS,,5.0,27.916,23.083,,,7000.0,3000.0,,,,,254.08163005757385,15.66379320453637
Kookaburra,Bird ODR,3,204.0,,20.25,9.5,32.0,20.5,155.0,MS,20.25,,30.083,24.25,7.666,5.25,8900.0,5000.0,,,,,278.6164533033346,15.777448627332339
Alarga,Catalina 270 IB,0,207.0,,33.58,9.25,28.42,11.5,135.0,MS,33.58,5.0,27.0,23.75,,,6460.0,2060.0,,,,,215.27502967946185,14.679446363128552
Surprise!,Ranger 23 TM,499,210.0,,30.0,9.75,25.75,9.17,155.0,MH,,,23.0,20.0,7.92,3.75,3400.0,1500.0,,,,,189.7321428571428,18.678644708674955
Will O The Wind,Hunter 27 IB,27,210.0,,37.55,10.85,,9.4,125.0,MS,,,27.1,22.0,9.25,4.25,7000.0,3000.0,,,,,293.48234410217884,
Dura Mater,CAL 27-2 IB,616,210.0,723.0,36.0,12.0,30.83,10.25,120.0,MS,,,26.58,22.08,9.25,4.25,6700.0,3100.0,,,,,277.8622686102479,16.81148610489964
Evenstar,Ranger 23,6404,216.0,725.0,27.54,9.75,24.0,9.2,155.0,MS,27.5,9.7,23.67,20.0,7.92,3.9,3400.0,1500.0,,,,,189.7321428571428,17.28956786324072
Hula,Westsail 32 MOD,88,219.0,681.0,44.0,18.3,37.7,13.2,132.0,CTR,44.0,18.3,32.0,27.5,11.0,5.0,19500.0,7000.0,42.8,46.4,26.7,26.7,418.58967478802174,14.359193404746948
Picante,Islander Bahama 28 SM,1,219.0,622.0,33.8,11.75,28.0,8.2,110.0,MS,,11.75,27.9,23.0,9.8,5.5,7000.0,3000.0,29.4,33.0,18.0,20.0,256.8422782937454,13.680626837213625
Tortuga,Westsail 32,207,219.0,691.0,31.2,18.4,39.7,14.5,110.0,CTR,,5.0,32.0,27.6,,,19500.0,7000.0,,,,,414.0562522096588,12.671698315403047
SLICE,Wilderness 21,22,222.0,712.0,25.0,8.67,24.9,8.0,152.0,MS,25.0,8.67,20.6,17.9,7.3,4.0,1870.0,1070.0,,,,,145.55746897810727,21.898523014805814
Sparky,Catalina 25 FK,1498,222.0,714.0,29.0,10.5,24.66,9.58,145.0,MS,29.0,10.5,25.0,22.16,8.0,4.0,4550.0,1900.0,25.5,29.9,15.5,17.9,186.6612243602161,15.732190293977204
Elizabeth Ann,Westsail 32,0,222.0,671.0,42.5,18.3,38.3,13.5,125.0,MS,42.5,,32.0,27.5,11.0,5.0,21000.0,7000.0,36.0,42.0,26.5,28.8,450.78888054094654,13.582335946216409
Mad Max,Santana 22,5029,234.0,741.0,26.0,8.5,21.75,9.833,155.0,MS,26.0,,22.0,18.67,7.83,3.5,2600.0,1230.0,,,,,178.35791047215082,18.376467263804823
Three Fisted Rat Boy,Santana 22,440,234.0,740.0,26.0,8.5,21.75,9.83,155.0,MS,26.0,8.58,22.0,18.67,7.83,3.5,2600.0,1230.0,,,,,178.35791047215082,18.373709955430122
High and Dry,Santana 22,114,234.0,741.0,26.0,8.5,21.75,9.83,150.0,MS,26.0,,22.0,18.67,7.83,3.5,2600.0,1230.0,,,,,178.35791047215082,18.373709955430122
Albacore,Santana 22 ODR,18325,237.0,741.0,25.67,8.58,21.75,9.83,125.0,MS,25.67,8.58,22.0,18.67,7.83,3.5,2600.0,1230.0,,,,,178.35791047215082,18.341957595081436
Rhapsody,Santana 22 ODR,6285,237.0,752.0,26.0,8.5,21.75,9.83,115.0,MS,26.0,8.5,22.0,18.67,7.83,3.5,2600.0,1230.0,,,,,178.35791047215082,18.373709955430122
Zingaro,Santana 22,5050,237.0,741.0,26.0,8.5,21.75,9.83,125.0,MS,26.0,,22.0,18.67,7.833,3.5,2600.0,1260.0,,,,,178.35791047215082,18.373709955430122
Sarah,Contessa 26,352,255.0,,31.5,10.33,27.6,10.2,130.0,MS,31.5,4.0,25.5,21.0,,,5400.0,2300.0,,,,,260.30820491461895,15.751186743607942
Slainte,Cal 20,1510,273.0,743.0,22.0,7.33,23.0,9.833,115.0,FS,22.0,7.33,20.0,18.08,7.0,3.33,1950.0,900.0,,,,,147.29612257183692,19.83443697506613
Blue Pearl,Newport 20,707,273.0,,25.0,8.33,21.2,8.8,120.0,MS,25.0,,20.0,18.0,7.5,3.5,2800.0,990.0,,,,,214.33470507544584,15.879096364787042
